Question_ID,Question_Version,Level,Topic_Code,LO_ID,Question_Text,Option_A,Option_B,Option_C,Option_D,Correct_Option,Answer_Explanation,Probe_Type,TLG_Key_Idea_Ref,Alternative_Conception_Ref,Diagnostic_Use,Review_Status,Source_Note,Teacher_Notes,Times_Used,Last_Used,Created_Date,Approved_Date,Approved_By
P3_DIV_LNL_C01_Q01,2,P3,P3-DIV-LNL,P3-DIV-LNL-C01,Which statement describes a characteristic shared by living things?,Living things grow and reproduce.,Living things always move from place to place.,Living things can survive without air.,Living things never respond to changes around them.,A,"Living things need water, food and air, and they grow, respond and reproduce.",Direct concept,,,Topic,Approved,"Assessment-focused rebuild aligned to official LO_ID and scope notes in the P3–P6 Standard Science Curriculum Mastery Map. Standard Bank v1: audited against the MOE Primary Science Syllabus and uploaded TLGs for curriculum scope, age-appropriate language and diagnostic quality. Standard Bank v1: MOE age/scope audit 2026-09-05.",,0,,2026-09-01,2026-09-05,Sci Diagnostic MOE Scope & Language Audit
P3_DIV_LNL_C01_Q02,2,P3,P3-DIV-LNL,P3-DIV-LNL-C01,A potted plant bends towards a window over several days. Which characteristic of living things does this best show?,Living things reproduce.,Living things respond to changes in their surroundings.,Living things need food only at night.,Living things always move from place to place.,B,The plant changes its growth direction in response to light.,Application,,,Pre-WA,Approved,"Assessment-focused rebuild aligned to official LO_ID and scope notes in the P3–P6 Standard Science Curriculum Mastery Map. Standard Bank v1: audited against the MOE Primary Science Syllabus and uploaded TLGs for curriculum scope, age-appropriate language and diagnostic quality. Standard Bank v1: MOE age/scope audit 2026-09-05.",,0,,2026-09-01,2026-09-05,Sci Diagnostic MOE Scope & Language Audit
P3_DIV_LNL_C01_Q03,2,P3,P3-DIV-LNL,P3-DIV-LNL-C01,A battery-powered toy car moves and turns when it reaches a wall. Why is it still non-living?,Anything that moves is living.,It is non-living only because it is made of plastic.,"It does not carry out all the characteristics of living things, such as growing and reproducing.",It becomes living when a battery is inserted.,C,Movement alone is not enough; living things show the full set of life characteristics.,Misconception probe,,,EOY,Approved,"Assessment-focused rebuild aligned to official LO_ID and scope notes in the P3–P6 Standard Science Curriculum Mastery Map. Standard Bank v1: audited against the MOE Primary Science Syllabus and uploaded TLGs for curriculum scope, age-appropriate language and diagnostic quality. Standard Bank v1: MOE age/scope audit 2026-09-05.",,0,,2026-09-01,2026-09-05,Sci Diagnostic MOE Scope & Language Audit
P3_DIV_LNL_C01_Q04,3,P3,P3-DIV-LNL,P3-DIV-LNL-C01,"Two seedlings are alike except that one is not given water. After several days, it wilts. What does this show?",Only animals need water.,Plants obtain all the water they need from air.,Water is needed only for reproduction.,Living things need water to survive.,D,The seedling without water wilted. This shows that living things need water to survive.,Application,,,Any,Approved,"Assessment-focused rebuild aligned to official LO_ID and scope notes in the P3–P6 Standard Science Curriculum Mastery Map. Standard Bank v1: audited against the MOE Primary Science Syllabus and uploaded TLGs for curriculum scope, age-appropriate language and diagnostic quality. Standard Bank v1: MOE age/scope audit 2026-09-05.",,0,,2026-09-01,2026-09-05,Sci Diagnostic MOE Scope & Language Audit
P3_DIV_LNL_C02_Q01,3,P3,P3-DIV-LNL,P3-DIV-LNL-C02,Which set contains only groups of animals?,"Birds, insects, mammals and reptiles","Mushrooms, birds, fish and bacteria","Flowering plants, insects, mould and mammals","Yeast, bacteria, fish and ferns",A,"Birds, insects, mammals and reptiles are all broad animal groups in the P3 syllabus.",Direct concept,,,Topic,Approved,"Assessment-focused rebuild aligned to official LO_ID and scope notes in the P3–P6 Standard Science Curriculum Mastery Map. Standard Bank v1: audited against the MOE Primary Science Syllabus and uploaded TLGs for curriculum scope, age-appropriate language and diagnostic quality. Standard Bank v1: MOE age/scope audit 2026-09-05.",,0,,2026-09-01,2026-09-05,Sci Diagnostic MOE Scope & Language Audit
P3_DIV_LNL_C02_Q02,2,P3,P3-DIV-LNL,P3-DIV-LNL-C02,An animal has six legs and a body divided into three main parts. Which broad group should it be placed in?,Birds,Insects,Mammals,Reptiles,B,Six legs and three main body parts are observable characteristics used to classify insects.,Application,,,Pre-WA,Approved,"Assessment-focused rebuild aligned to official LO_ID and scope notes in the P3–P6 Standard Science Curriculum Mastery Map. Standard Bank v1: audited against the MOE Primary Science Syllabus and uploaded TLGs for curriculum scope, age-appropriate language and diagnostic quality. Standard Bank v1: MOE age/scope audit 2026-09-05.",,0,,2026-09-01,2026-09-05,Sci Diagnostic MOE Scope & Language Audit
P3_DIV_LNL_C02_Q03,3,P3,P3-DIV-LNL,P3-DIV-LNL-C02,A whale lives in water. A pupil says it must therefore be a fish. Which is the best response?,Any animal in water is a fish.,"All large animals are mammals, so no other feature matters.",Living place alone is not enough; several observable characteristics should be compared before classifying it.,Animals cannot be classified unless their exact name is known.,C,"Living things are classified using observable similarities and differences, not just one feature.",Misconception probe,,,EOY,Approved,"Assessment-focused rebuild aligned to official LO_ID and scope notes in the P3–P6 Standard Science Curriculum Mastery Map. Standard Bank v1: audited against the MOE Primary Science Syllabus and uploaded TLGs for curriculum scope, age-appropriate language and diagnostic quality. Standard Bank v1: MOE age/scope audit 2026-09-05.",,0,,2026-09-01,2026-09-05,Sci Diagnostic MOE Scope & Language Audit
P3_DIV_LNL_C02_Q04,2,P3,P3-DIV-LNL,P3-DIV-LNL-C02,Which pair belongs to the same broad group of living things?,Fern and yeast,Bacterium and bird,Fish and flowering plant,Mushroom and mould,D,Mushrooms and mould are both fungi.,Application,,,Any,Approved,"Assessment-focused rebuild aligned to official LO_ID and scope notes in the P3–P6 Standard Science Curriculum Mastery Map. Standard Bank v1: audited against the MOE Primary Science Syllabus and uploaded TLGs for curriculum scope, age-appropriate language and diagnostic quality. Standard Bank v1: MOE age/scope audit 2026-09-05.",,0,,2026-09-01,2026-09-05,Sci Diagnostic MOE Scope & Language Audit
P3_DIV_LNL_P01_Q01,3,P3,P3-DIV-LNL,P3-DIV-LNL-P01,"A pupil observes a green seedling, a dry twig, a stone and a snail. Which observation would best help the pupil tell living and non-living things apart over time?",Check whether each grows or responds to changes.,Check whether each is larger than 5 cm.,Check whether each is green.,Check whether each can be held in one hand.,A,Growth and response are characteristics of living things and can be observed over time.,Application,,,Topic,Approved,"Assessment-focused rebuild aligned to official LO_ID and scope notes in the P3–P6 Standard Science Curriculum Mastery Map. Standard Bank v1: audited against the MOE Primary Science Syllabus and uploaded TLGs for curriculum scope, age-appropriate language and diagnostic quality. Standard Bank v1: MOE age/scope audit 2026-09-05.",,0,,2026-09-01,2026-09-05,Sci Diagnostic MOE Scope & Language Audit
P3_DIV_LNL_P01_Q02,3,P3,P3-DIV-LNL,P3-DIV-LNL-P01,Water beads become larger after being soaked in water. What can the pupil conclude?,Anything that becomes larger is living.,Becoming larger alone does not prove that they are living.,They must be plants because they absorbed water.,They are living only while they are in water.,B,Becoming larger by itself does not show that something is living. Living things have a set of characteristics.,Misconception probe,,,Pre-WA,Approved,"Assessment-focused rebuild aligned to official LO_ID and scope notes in the P3–P6 Standard Science Curriculum Mastery Map. Standard Bank v1: audited against the MOE Primary Science Syllabus and uploaded TLGs for curriculum scope, age-appropriate language and diagnostic quality. Standard Bank v1: MOE age/scope audit 2026-09-05.",,0,,2026-09-01,2026-09-05,Sci Diagnostic MOE Scope & Language Audit
P3_DIV_LNL_P01_Q03,3,P3,P3-DIV-LNL,P3-DIV-LNL-P01,"A pupil records that Object X needs water, grows, responds to light and produces young. What does this show about Object X?",Object X is non-living because it did not move from place to place.,Object X must be an animal.,Object X is living.,There is not enough evidence because only colour can show whether something is living.,C,These observations match several characteristics of living things.,Application,,,EOY,Approved,"Assessment-focused rebuild aligned to official LO_ID and scope notes in the P3–P6 Standard Science Curriculum Mastery Map. Standard Bank v1: audited against the MOE Primary Science Syllabus and uploaded TLGs for curriculum scope, age-appropriate language and diagnostic quality. Standard Bank v1: MOE age/scope audit 2026-09-05.",,0,,2026-09-01,2026-09-05,Sci Diagnostic MOE Scope & Language Audit
P3_DIV_LNL_P02_Q01,3,P3,P3-DIV-LNL,P3-DIV-LNL-P02,Animal X has feathers and a beak. Animal Y has moist skin and can live on land and in water. How should they be classified?,X as an insect; Y as a fish,X as a mammal; Y as a reptile,X as a fish; Y as a bird,X as a bird; Y as an amphibian,D,"X has the characteristics of a bird, while Y has the characteristics of an amphibian.",Application,,,Topic,Approved,"Assessment-focused rebuild aligned to official LO_ID and scope notes in the P3–P6 Standard Science Curriculum Mastery Map. Standard Bank v1: audited against the MOE Primary Science Syllabus and uploaded TLGs for curriculum scope, age-appropriate language and diagnostic quality. Standard Bank v1: MOE age/scope audit 2026-09-05.",,0,,2026-09-01,2026-09-05,Sci Diagnostic MOE Scope & Language Audit
P3_DIV_LNL_P02_Q02,3,P3,P3-DIV-LNL,P3-DIV-LNL-P02,"A pupil groups a fern and a flowering plant together because both have roots, stems and leaves. What should the pupil use to separate them into two plant groups?",Whether they produce flowers,Whether they are green,Whether they need water,Whether they grow taller,A,Flowering plants produce flowers; non-flowering plants do not.,Application,,,Pre-WA,Approved,"Assessment-focused rebuild aligned to official LO_ID and scope notes in the P3–P6 Standard Science Curriculum Mastery Map. Standard Bank v1: audited against the MOE Primary Science Syllabus and uploaded TLGs for curriculum scope, age-appropriate language and diagnostic quality. Standard Bank v1: MOE age/scope audit 2026-09-05.",,0,,2026-09-01,2026-09-05,Sci Diagnostic MOE Scope & Language Audit
P3_DIV_LNL_P02_Q03,3,P3,P3-DIV-LNL,P3-DIV-LNL-P02,A spider has eight legs. A pupil groups it with insects because both are small animals. What is wrong with the grouping?,All small animals are insects.,It ignores important observable differences such as the number of legs.,"Spiders are plants, not animals.",The colour of the spider is the only feature that matters.,B,"Living things should be classified using important observable characteristics, not just size.",Misconception probe,,,EOY,Approved,"Assessment-focused rebuild aligned to official LO_ID and scope notes in the P3–P6 Standard Science Curriculum Mastery Map. Standard Bank v1: audited against the MOE Primary Science Syllabus and uploaded TLGs for curriculum scope, age-appropriate language and diagnostic quality. Standard Bank v1: MOE age/scope audit 2026-09-05.",,0,,2026-09-01,2026-09-05,Sci Diagnostic MOE Scope & Language Audit
P3_DIV_MAT_C01_Q01,2,P3,P3-DIV-MAT,P3-DIV-MAT-C01,Why is glass suitable for many windows?,It bends easily without breaking.,It absorbs water readily.,It allows most light to pass through.,It is attracted strongly by magnets.,C,A window material is useful when it allows most light to pass through.,Direct concept,,,Topic,Approved,"Assessment-focused rebuild aligned to official LO_ID and scope notes in the P3–P6 Standard Science Curriculum Mastery Map. Standard Bank v1: audited against the MOE Primary Science Syllabus and uploaded TLGs for curriculum scope, age-appropriate language and diagnostic quality. Standard Bank v1: MOE age/scope audit 2026-09-05.",,0,,2026-09-01,2026-09-05,Sci Diagnostic MOE Scope & Language Audit
P3_DIV_MAT_C01_Q02,2,P3,P3-DIV-MAT,P3-DIV-MAT-C01,A raincoat must keep the wearer dry and still allow easy movement. Which material is most suitable?,An absorbent fabric that soaks up water,A stiff ceramic sheet,A sheet that breaks easily when bent,A flexible waterproof material such as plastic,D,The useful properties are flexibility and being waterproof.,Application,,,Pre-WA,Approved,"Assessment-focused rebuild aligned to official LO_ID and scope notes in the P3–P6 Standard Science Curriculum Mastery Map. Standard Bank v1: audited against the MOE Primary Science Syllabus and uploaded TLGs for curriculum scope, age-appropriate language and diagnostic quality. Standard Bank v1: MOE age/scope audit 2026-09-05.",,0,,2026-09-01,2026-09-05,Sci Diagnostic MOE Scope & Language Audit
P3_DIV_MAT_C01_Q03,2,P3,P3-DIV-MAT,P3-DIV-MAT-C01,A pupil says a material must be strong if it is stiff. Which statement is correct?,Strength and flexibility are different properties and must be tested separately.,Every stiff material is strong.,Every flexible material is weak.,Only metals can be strong.,A,"Strength concerns resisting loads without breaking, while flexibility concerns bending without breaking.",Misconception probe,,,EOY,Approved,"Assessment-focused rebuild aligned to official LO_ID and scope notes in the P3–P6 Standard Science Curriculum Mastery Map. Standard Bank v1: audited against the MOE Primary Science Syllabus and uploaded TLGs for curriculum scope, age-appropriate language and diagnostic quality. Standard Bank v1: MOE age/scope audit 2026-09-05.",,0,,2026-09-01,2026-09-05,Sci Diagnostic MOE Scope & Language Audit
P3_DIV_MAT_C01_Q04,2,P3,P3-DIV-MAT,P3-DIV-MAT-C01,A cup must hold water without absorbing it. Which property is most important?,It should float on water.,It should be waterproof.,It should allow most light to pass through.,It should bend easily.,B,"A waterproof material does not absorb water, which is essential for a cup.",Application,,,Any,Approved,"Assessment-focused rebuild aligned to official LO_ID and scope notes in the P3–P6 Standard Science Curriculum Mastery Map. Standard Bank v1: audited against the MOE Primary Science Syllabus and uploaded TLGs for curriculum scope, age-appropriate language and diagnostic quality. Standard Bank v1: MOE age/scope audit 2026-09-05.",,0,,2026-09-01,2026-09-05,Sci Diagnostic MOE Scope & Language Audit
P3_DIV_MAT_P01_Q01,2,P3,P3-DIV-MAT,P3-DIV-MAT-P01,Four strips of material are tested by hanging identical masses from them until they break. What property is being compared?,Flexibility,Ability to float on water,Strength,Transparency,C,The test compares how much load each material can support before breaking.,Application,,,Topic,Approved,"Assessment-focused rebuild aligned to official LO_ID and scope notes in the P3–P6 Standard Science Curriculum Mastery Map. Standard Bank v1: audited against the MOE Primary Science Syllabus and uploaded TLGs for curriculum scope, age-appropriate language and diagnostic quality. Standard Bank v1: MOE age/scope audit 2026-09-05.",,0,,2026-09-01,2026-09-05,Sci Diagnostic MOE Scope & Language Audit
P3_DIV_MAT_P01_Q02,3,P3,P3-DIV-MAT,P3-DIV-MAT-P01,A pupil bends equal-sized strips of four materials through the same angle. What property is being compared?,Strength,Whether it is waterproof,Ability to float on water,Flexibility,D,Flexibility is the ability to bend without breaking.,Application,,,Pre-WA,Approved,"Assessment-focused rebuild aligned to official LO_ID and scope notes in the P3–P6 Standard Science Curriculum Mastery Map. Standard Bank v1: audited against the MOE Primary Science Syllabus and uploaded TLGs for curriculum scope, age-appropriate language and diagnostic quality. Standard Bank v1: MOE age/scope audit 2026-09-05.",,0,,2026-09-01,2026-09-05,Sci Diagnostic MOE Scope & Language Audit
P3_DIV_MAT_P01_Q03,2,P3,P3-DIV-MAT,P3-DIV-MAT-P01,A large wooden block floats while a small steel clip sinks. What can the pupil conclude from this observation?,Size alone does not determine whether an object floats or sinks.,All large objects float.,All small objects sink.,Weight is the only property that matters.,A,The observation shows that size alone cannot explain floating and sinking.,Misconception probe,,,EOY,Approved,"Assessment-focused rebuild aligned to official LO_ID and scope notes in the P3–P6 Standard Science Curriculum Mastery Map. Standard Bank v1: audited against the MOE Primary Science Syllabus and uploaded TLGs for curriculum scope, age-appropriate language and diagnostic quality. Standard Bank v1: MOE age/scope audit 2026-09-05.",,0,,2026-09-01,2026-09-05,Sci Diagnostic MOE Scope & Language Audit
P3_CYC_LC_C01_Q01,2,P3,P3-CYC-LC,P3-CYC-LC-C01,Which statement about life cycles is correct?,All living things have exactly the same stages.,Different living things can have different stages in their life cycles.,Only animals have life cycles.,A life cycle ends before an organism becomes an adult.,B,"Plants and animals have life cycles, and the stages can differ among organisms.",Direct concept,,,Topic,Approved,"Assessment-focused rebuild aligned to official LO_ID and scope notes in the P3–P6 Standard Science Curriculum Mastery Map. Standard Bank v1: audited against the MOE Primary Science Syllabus and uploaded TLGs for curriculum scope, age-appropriate language and diagnostic quality. Standard Bank v1: MOE age/scope audit 2026-09-05.",,0,,2026-09-01,2026-09-05,Sci Diagnostic MOE Scope & Language Audit
P3_CYC_LC_C01_Q02,2,P3,P3-CYC-LC,P3-CYC-LC-C01,"Plant X has the stages seed, young plant and adult plant. Animal Y has egg, young and adult stages. What does this comparison show?",Plants do not have life cycles.,Only animals begin life in a young stage.,Different living things can have different life-cycle stages.,Every life cycle must have a pupa stage.,C,The two sequences show that life cycles vary among different living things.,Application,,,Pre-WA,Approved,"Assessment-focused rebuild aligned to official LO_ID and scope notes in the P3–P6 Standard Science Curriculum Mastery Map. Standard Bank v1: audited against the MOE Primary Science Syllabus and uploaded TLGs for curriculum scope, age-appropriate language and diagnostic quality. Standard Bank v1: MOE age/scope audit 2026-09-05.",,0,,2026-09-01,2026-09-05,Sci Diagnostic MOE Scope & Language Audit
P3_CYC_LC_C01_Q03,2,P3,P3-CYC-LC,P3-CYC-LC-C01,A pupil says every animal must have a pupa stage. Which example best disproves the claim?,A butterfly has a pupa stage.,A beetle has a pupa stage.,A mosquito has a pupa stage.,A chicken develops from egg to chick to adult without a pupa stage.,D,Some animals have three-stage life cycles and do not have a pupa stage.,Misconception probe,,,EOY,Approved,"Assessment-focused rebuild aligned to official LO_ID and scope notes in the P3–P6 Standard Science Curriculum Mastery Map. Standard Bank v1: audited against the MOE Primary Science Syllabus and uploaded TLGs for curriculum scope, age-appropriate language and diagnostic quality. Standard Bank v1: MOE age/scope audit 2026-09-05.",,0,,2026-09-01,2026-09-05,Sci Diagnostic MOE Scope & Language Audit
P3_CYC_LC_C01_Q04,2,P3,P3-CYC-LC,P3-CYC-LC-C01,Why is producing a new generation an important part of a life cycle?,It allows the kind of living thing to continue.,It stops the adult from needing food.,It changes an animal into a plant.,It makes all young look exactly like their parents.,A,Reproduction allows a kind of living thing to continue from one generation to the next.,Application,,,Any,Approved,"Assessment-focused rebuild aligned to official LO_ID and scope notes in the P3–P6 Standard Science Curriculum Mastery Map. Standard Bank v1: audited against the MOE Primary Science Syllabus and uploaded TLGs for curriculum scope, age-appropriate language and diagnostic quality. Standard Bank v1: MOE age/scope audit 2026-09-05.",,0,,2026-09-01,2026-09-05,Sci Diagnostic MOE Scope & Language Audit
P3_CYC_LC_P01_Q01,2,P3,P3-CYC-LC,P3-CYC-LC-P01,A pupil grows bean plants from seeds and records their appearance each week. Which sequence should the pupil expect to observe?,"Adult plant, seed, young plant","Seed, young plant, adult plant","Young plant, adult plant, seed before any adult forms","Seed, pupa, adult plant",B,"The P3 focus is on observing the stages seed, young plant and adult plant.",Application,,,Topic,Approved,"Assessment-focused rebuild aligned to official LO_ID and scope notes in the P3–P6 Standard Science Curriculum Mastery Map. Standard Bank v1: audited against the MOE Primary Science Syllabus and uploaded TLGs for curriculum scope, age-appropriate language and diagnostic quality. Standard Bank v1: MOE age/scope audit 2026-09-05.",,0,,2026-09-01,2026-09-05,Sci Diagnostic MOE Scope & Language Audit
P3_CYC_LC_P01_Q02,2,P3,P3-CYC-LC,P3-CYC-LC-P01,Two flowering plants were planted from seeds on the same day. One is taller after four weeks. Which record would best help compare their life cycles fairly?,Only the final height of one plant,The colour of the pots only,Regular observations of the stage each plant reaches over the same period,The number of people who watered them,C,Comparing repeated observations over the same period shows how each plant progresses through its stages.,Application,,,Pre-WA,Approved,"Assessment-focused rebuild aligned to official LO_ID and scope notes in the P3–P6 Standard Science Curriculum Mastery Map. Standard Bank v1: audited against the MOE Primary Science Syllabus and uploaded TLGs for curriculum scope, age-appropriate language and diagnostic quality. Standard Bank v1: MOE age/scope audit 2026-09-05.",,0,,2026-09-01,2026-09-05,Sci Diagnostic MOE Scope & Language Audit
P3_CYC_LC_P01_Q03,2,P3,P3-CYC-LC,P3-CYC-LC-P01,A pupil observes a flowering plant only once and sees no flowers. Why should the pupil avoid concluding that it will never become an adult flowering plant?,A plant has no life cycle until it flowers.,All young plants already have flowers.,The presence of soil decides whether a plant is adult.,A single observation may not show all stages of its life cycle.,D,Life cycles are observed over time; one moment may show only one stage.,Misconception probe,,,EOY,Approved,"Assessment-focused rebuild aligned to official LO_ID and scope notes in the P3–P6 Standard Science Curriculum Mastery Map. Standard Bank v1: audited against the MOE Primary Science Syllabus and uploaded TLGs for curriculum scope, age-appropriate language and diagnostic quality. Standard Bank v1: MOE age/scope audit 2026-09-05.",,0,,2026-09-01,2026-09-05,Sci Diagnostic MOE Scope & Language Audit
P3_CYC_LC_P02_Q01,2,P3,P3-CYC-LC,P3-CYC-LC-P02,"Which animal has a three-stage life cycle of egg, young and adult?",Cockroach,Butterfly,Beetle,Mosquito,A,Cockroaches have a three-stage life cycle with a nymph as the young stage.,Application,,,Topic,Approved,"Assessment-focused rebuild aligned to official LO_ID and scope notes in the P3–P6 Standard Science Curriculum Mastery Map. Standard Bank v1: audited against the MOE Primary Science Syllabus and uploaded TLGs for curriculum scope, age-appropriate language and diagnostic quality. Standard Bank v1: MOE age/scope audit 2026-09-05.",,0,,2026-09-01,2026-09-05,Sci Diagnostic MOE Scope & Language Audit
P3_CYC_LC_P02_Q02,2,P3,P3-CYC-LC,P3-CYC-LC-P02,"A pupil observes egg, larva, pupa and adult stages. Which kind of life cycle is being observed?",A three-stage animal life cycle,A four-stage animal life cycle,A plant life cycle,A life cycle with no young stage,B,Egg-larva-pupa-adult is a four-stage animal life cycle.,Application,,,Pre-WA,Approved,"Assessment-focused rebuild aligned to official LO_ID and scope notes in the P3–P6 Standard Science Curriculum Mastery Map. Standard Bank v1: audited against the MOE Primary Science Syllabus and uploaded TLGs for curriculum scope, age-appropriate language and diagnostic quality. Standard Bank v1: MOE age/scope audit 2026-09-05.",,0,,2026-09-01,2026-09-05,Sci Diagnostic MOE Scope & Language Audit
P3_CYC_LC_P02_Q03,2,P3,P3-CYC-LC,P3-CYC-LC-P02,A grasshopper nymph looks similar to an adult but is smaller and has no fully developed wings. What does this show?,Every young insect is a caterpillar.,A nymph is a pupa that cannot move.,"In some three-stage life cycles, the young resembles the adult.",All insects have four stages.,C,Nymphs in three-stage insect life cycles resemble smaller versions of the adult.,Misconception probe,,,EOY,Approved,"Assessment-focused rebuild aligned to official LO_ID and scope notes in the P3–P6 Standard Science Curriculum Mastery Map. Standard Bank v1: audited against the MOE Primary Science Syllabus and uploaded TLGs for curriculum scope, age-appropriate language and diagnostic quality. Standard Bank v1: MOE age/scope audit 2026-09-05.",,0,,2026-09-01,2026-09-05,Sci Diagnostic MOE Scope & Language Audit
P3_INT_MAG_C01_Q01,2,P3,P3-INT-MAG,P3-INT-MAG-C01,What can a magnet do to another magnet or a magnetic material?,It can only pull.,It can only push.,It must touch before any force can act.,It can exert a push or a pull.,D,Magnetic force can be a push or a pull.,Direct concept,,,Topic,Approved,"Assessment-focused rebuild aligned to official LO_ID and scope notes in the P3–P6 Standard Science Curriculum Mastery Map. Standard Bank v1: audited against the MOE Primary Science Syllabus and uploaded TLGs for curriculum scope, age-appropriate language and diagnostic quality. Standard Bank v1: MOE age/scope audit 2026-09-05.",,0,,2026-09-01,2026-09-05,Sci Diagnostic MOE Scope & Language Audit
P3_INT_MAG_C01_Q02,2,P3,P3-INT-MAG,P3-INT-MAG-C01,Two like poles of bar magnets are brought close together. What happens?,The magnets push away from each other.,The magnets pull together.,Nothing happens unless they touch.,Both magnets lose their magnetism immediately.,A,"Like poles repel, so the magnetic force is a push.",Application,,,Pre-WA,Approved,"Assessment-focused rebuild aligned to official LO_ID and scope notes in the P3–P6 Standard Science Curriculum Mastery Map. Standard Bank v1: audited against the MOE Primary Science Syllabus and uploaded TLGs for curriculum scope, age-appropriate language and diagnostic quality. Standard Bank v1: MOE age/scope audit 2026-09-05.",,0,,2026-09-01,2026-09-05,Sci Diagnostic MOE Scope & Language Audit
P3_INT_MAG_C01_Q03,3,P3,P3-INT-MAG,P3-INT-MAG-C01,A steel paper clip moves towards a magnet before touching it. What does this show?,The table pushed the clip towards the magnet.,A magnet can pull a magnetic material from a distance.,Magnetic force works only after contact.,The clip became a magnet before it moved.,B,The clip moves before touching the magnet. This shows that a magnet can pull a magnetic material from a distance.,Misconception probe,,,EOY,Approved,"Assessment-focused rebuild aligned to official LO_ID and scope notes in the P3–P6 Standard Science Curriculum Mastery Map. Standard Bank v1: audited against the MOE Primary Science Syllabus and uploaded TLGs for curriculum scope, age-appropriate language and diagnostic quality. Standard Bank v1: MOE age/scope audit 2026-09-05.",,0,,2026-09-01,2026-09-05,Sci Diagnostic MOE Scope & Language Audit
P3_INT_MAG_C01_Q04,2,P3,P3-INT-MAG,P3-INT-MAG-C01,Which situation shows a magnetic push?,A magnet picks up an iron nail.,A magnet attracts the south pole of another magnet.,The north pole of one magnet is brought near the north pole of another.,A steel clip moves towards a magnet.,C,"Like poles repel, producing a push.",Application,,,Any,Approved,"Assessment-focused rebuild aligned to official LO_ID and scope notes in the P3–P6 Standard Science Curriculum Mastery Map. Standard Bank v1: audited against the MOE Primary Science Syllabus and uploaded TLGs for curriculum scope, age-appropriate language and diagnostic quality. Standard Bank v1: MOE age/scope audit 2026-09-05.",,0,,2026-09-01,2026-09-05,Sci Diagnostic MOE Scope & Language Audit
P3_INT_MAG_C02_Q01,2,P3,P3-INT-MAG,P3-INT-MAG-C02,Which statement about a bar magnet is correct?,It has only one pole.,Its strongest part is always the middle.,It attracts every metal.,It has two poles.,D,A magnet has two poles; magnetic attraction depends on the material.,Direct concept,,,Topic,Approved,"Assessment-focused rebuild aligned to official LO_ID and scope notes in the P3–P6 Standard Science Curriculum Mastery Map. Standard Bank v1: audited against the MOE Primary Science Syllabus and uploaded TLGs for curriculum scope, age-appropriate language and diagnostic quality. Standard Bank v1: MOE age/scope audit 2026-09-05.",,0,,2026-09-01,2026-09-05,Sci Diagnostic MOE Scope & Language Audit
P3_INT_MAG_C02_Q02,2,P3,P3-INT-MAG,P3-INT-MAG-C02,A freely suspended bar magnet is allowed to stop moving. In which direction will it settle?,North-South,East-West,Up-Down,Any random direction each time,A,A freely suspended bar magnet comes to rest in a North-South direction.,Application,,,Pre-WA,Approved,"Assessment-focused rebuild aligned to official LO_ID and scope notes in the P3–P6 Standard Science Curriculum Mastery Map. Standard Bank v1: audited against the MOE Primary Science Syllabus and uploaded TLGs for curriculum scope, age-appropriate language and diagnostic quality. Standard Bank v1: MOE age/scope audit 2026-09-05.",,0,,2026-09-01,2026-09-05,Sci Diagnostic MOE Scope & Language Audit
P3_INT_MAG_C02_Q03,2,P3,P3-INT-MAG,P3-INT-MAG-C02,A pupil says all metals are attracted to magnets. Which observation would show the pupil is wrong?,Two steel objects are attracted.,A copper object is not attracted while a steel object is attracted.,An iron nail is attracted.,A magnet has two poles.,B,"Not all metals are magnetic; steel and iron are magnetic materials, while copper is not.",Misconception probe,,,EOY,Approved,"Assessment-focused rebuild aligned to official LO_ID and scope notes in the P3–P6 Standard Science Curriculum Mastery Map. Standard Bank v1: audited against the MOE Primary Science Syllabus and uploaded TLGs for curriculum scope, age-appropriate language and diagnostic quality. Standard Bank v1: MOE age/scope audit 2026-09-05.",,0,,2026-09-01,2026-09-05,Sci Diagnostic MOE Scope & Language Audit
P3_INT_MAG_C02_Q04,2,P3,P3-INT-MAG,P3-INT-MAG-C02,What happens when the north pole of one bar magnet is brought near the south pole of another?,They repel.,They lose both poles.,They attract.,They do not interact.,C,Unlike poles attract.,Application,,,Any,Approved,"Assessment-focused rebuild aligned to official LO_ID and scope notes in the P3–P6 Standard Science Curriculum Mastery Map. Standard Bank v1: audited against the MOE Primary Science Syllabus and uploaded TLGs for curriculum scope, age-appropriate language and diagnostic quality. Standard Bank v1: MOE age/scope audit 2026-09-05.",,0,,2026-09-01,2026-09-05,Sci Diagnostic MOE Scope & Language Audit
P3_INT_MAG_C03_Q01,2,P3,P3-INT-MAG,P3-INT-MAG-C03,Which object commonly uses a magnet as part of its function?,A paper cup,A wooden ruler,A glass tumbler,A refrigerator door catch,D,Magnetic catches are used to help keep some doors closed.,Direct concept,,,Topic,Approved,"Assessment-focused rebuild aligned to official LO_ID and scope notes in the P3–P6 Standard Science Curriculum Mastery Map. Standard Bank v1: audited against the MOE Primary Science Syllabus and uploaded TLGs for curriculum scope, age-appropriate language and diagnostic quality. Standard Bank v1: MOE age/scope audit 2026-09-05.",,0,,2026-09-01,2026-09-05,Sci Diagnostic MOE Scope & Language Audit
P3_INT_MAG_C03_Q02,2,P3,P3-INT-MAG,P3-INT-MAG-C03,Why might a small magnet be placed inside a pencil-case flap?,To help the flap stay closed by magnetic attraction.,To make the pencil case waterproof.,To make the case float.,To make the pencils longer.,A,The magnet provides an attractive force that can hold the flap shut.,Application,,,Pre-WA,Approved,"Assessment-focused rebuild aligned to official LO_ID and scope notes in the P3–P6 Standard Science Curriculum Mastery Map. Standard Bank v1: audited against the MOE Primary Science Syllabus and uploaded TLGs for curriculum scope, age-appropriate language and diagnostic quality. Standard Bank v1: MOE age/scope audit 2026-09-05.",,0,,2026-09-01,2026-09-05,Sci Diagnostic MOE Scope & Language Audit
P3_INT_MAG_C03_Q03,2,P3,P3-INT-MAG,P3-INT-MAG-C03,A pupil says magnets are useful only for picking up nails. Which example shows another use?,A plastic bottle holding water,A magnetic catch that keeps a cabinet door closed,A rubber band stretching,A ceramic plate holding food,B,Magnets have many everyday uses besides lifting magnetic objects.,Misconception probe,,,EOY,Approved,"Assessment-focused rebuild aligned to official LO_ID and scope notes in the P3–P6 Standard Science Curriculum Mastery Map. Standard Bank v1: audited against the MOE Primary Science Syllabus and uploaded TLGs for curriculum scope, age-appropriate language and diagnostic quality. Standard Bank v1: MOE age/scope audit 2026-09-05.",,0,,2026-09-01,2026-09-05,Sci Diagnostic MOE Scope & Language Audit
P3_INT_MAG_C03_Q04,2,P3,P3-INT-MAG,P3-INT-MAG-C03,A tool is designed to collect scattered steel pins without touching each one by hand. Which feature would be most useful?,A piece of glass,A rubber strip,A magnet,A wooden block,C,Steel pins are magnetic materials and can be collected using a magnet.,Application,,,Any,Approved,"Assessment-focused rebuild aligned to official LO_ID and scope notes in the P3–P6 Standard Science Curriculum Mastery Map. Standard Bank v1: audited against the MOE Primary Science Syllabus and uploaded TLGs for curriculum scope, age-appropriate language and diagnostic quality. Standard Bank v1: MOE age/scope audit 2026-09-05.",,0,,2026-09-01,2026-09-05,Sci Diagnostic MOE Scope & Language Audit
P3_INT_MAG_P01_Q01,3,P3,P3-INT-MAG,P3-INT-MAG-P01,A bar is attracted to both the north and south poles of a known magnet. What can the pupil conclude about the bar?,It must be a magnet.,It must be non-magnetic.,It must be made of plastic.,It may be a magnetic material rather than a magnet.,D,Attraction alone does not prove that an object is a magnet; magnetic materials can be attracted by either pole.,Application,,,Topic,Approved,"Assessment-focused rebuild aligned to official LO_ID and scope notes in the P3–P6 Standard Science Curriculum Mastery Map. Standard Bank v1: audited against the MOE Primary Science Syllabus and uploaded TLGs for curriculum scope, age-appropriate language and diagnostic quality. Standard Bank v1: MOE age/scope audit 2026-09-05.",,0,,2026-09-01,2026-09-05,Sci Diagnostic MOE Scope & Language Audit
P3_INT_MAG_P01_Q02,3,P3,P3-INT-MAG,P3-INT-MAG-P01,Which test best shows whether a material is magnetic or non-magnetic?,Bring a magnet near each material and observe whether it is attracted.,Measure which object is longest.,Place each object in sunlight.,Check whether each object is waterproof.,A,A magnetic material is attracted to a magnet; a non-magnetic material is not.,Application,,,Pre-WA,Approved,"Assessment-focused rebuild aligned to official LO_ID and scope notes in the P3–P6 Standard Science Curriculum Mastery Map. Standard Bank v1: audited against the MOE Primary Science Syllabus and uploaded TLGs for curriculum scope, age-appropriate language and diagnostic quality. Standard Bank v1: MOE age/scope audit 2026-09-05.",,0,,2026-09-01,2026-09-05,Sci Diagnostic MOE Scope & Language Audit
P3_INT_MAG_P01_Q03,2,P3,P3-INT-MAG,P3-INT-MAG-P01,An unknown bar repels the north pole of a known magnet. What does this show?,The unknown bar is only a magnetic material.,The unknown bar is a magnet with a north pole at the tested end.,The unknown bar is non-magnetic.,Any metal can repel a magnet.,B,Repulsion is evidence that the unknown bar itself is a magnet with a like pole facing the known magnet.,Misconception probe,,,EOY,Approved,"Assessment-focused rebuild aligned to official LO_ID and scope notes in the P3–P6 Standard Science Curriculum Mastery Map. Standard Bank v1: audited against the MOE Primary Science Syllabus and uploaded TLGs for curriculum scope, age-appropriate language and diagnostic quality. Standard Bank v1: MOE age/scope audit 2026-09-05.",,0,,2026-09-01,2026-09-05,Sci Diagnostic MOE Scope & Language Audit
P3_INT_MAG_P02_Q01,2,P3,P3-INT-MAG,P3-INT-MAG-P02,Which method can make an iron nail into a magnet using a bar magnet?,Rub the nail back and forth randomly.,Place the nail beside the magnet without moving it.,Stroke the nail repeatedly in one direction using the same pole.,Wash the nail in water.,C,The stroke method uses repeated strokes in one direction with the same pole.,Application,,,Topic,Approved,"Assessment-focused rebuild aligned to official LO_ID and scope notes in the P3–P6 Standard Science Curriculum Mastery Map. Standard Bank v1: audited against the MOE Primary Science Syllabus and uploaded TLGs for curriculum scope, age-appropriate language and diagnostic quality. Standard Bank v1: MOE age/scope audit 2026-09-05.",,0,,2026-09-01,2026-09-05,Sci Diagnostic MOE Scope & Language Audit
P3_INT_MAG_P02_Q02,3,P3,P3-INT-MAG,P3-INT-MAG-P02,A wire is wound around an iron nail and connected to a battery. What happens to the nail?,The nail becomes non-magnetic.,Only the battery becomes a magnet.,The wire stops the nail from attracting objects.,The iron nail becomes a magnet and can attract steel clips.,D,This is the electrical method of making a magnet.,Application,,,Pre-WA,Approved,"Assessment-focused rebuild aligned to official LO_ID and scope notes in the P3–P6 Standard Science Curriculum Mastery Map. Standard Bank v1: audited against the MOE Primary Science Syllabus and uploaded TLGs for curriculum scope, age-appropriate language and diagnostic quality. Standard Bank v1: MOE age/scope audit 2026-09-05.",,0,,2026-09-01,2026-09-05,Sci Diagnostic MOE Scope & Language Audit
P3_INT_MAG_P02_Q03,2,P3,P3-INT-MAG,P3-INT-MAG-P02,A pupil strokes an iron nail back and forth with a magnet and gets a weak result. What should be changed?,Stroke repeatedly in one direction with the same pole of the magnet.,Use both poles alternately in random directions.,Use a wooden nail instead.,Stop after one stroke.,A,Consistent strokes in one direction with the same pole are required for the stroke method.,Misconception probe,,,EOY,Approved,"Assessment-focused rebuild aligned to official LO_ID and scope notes in the P3–P6 Standard Science Curriculum Mastery Map. Standard Bank v1: audited against the MOE Primary Science Syllabus and uploaded TLGs for curriculum scope, age-appropriate language and diagnostic quality. Standard Bank v1: MOE age/scope audit 2026-09-05.",,0,,2026-09-01,2026-09-05,Sci Diagnostic MOE Scope & Language Audit
P4_SYS_PLANT_C01_Q01,2,P4,P4-SYS-PLANT,P4-SYS-PLANT-C01,Which plant part mainly absorbs water and mineral salts from the soil?,Leaves,Roots,Flowers,Fruits,B,Roots absorb water and mineral salts and also help anchor the plant.,Direct concept,,,Topic,Approved,"Assessment-focused rebuild aligned to official LO_ID and scope notes in the P3–P6 Standard Science Curriculum Mastery Map. Standard Bank v1: audited against the MOE Primary Science Syllabus and uploaded TLGs for curriculum scope, age-appropriate language and diagnostic quality. Standard Bank v1: MOE age/scope audit 2026-09-05.",,0,,2026-09-01,2026-09-05,Sci Diagnostic MOE Scope & Language Audit
P4_SYS_PLANT_C01_Q02,2,P4,P4-SYS-PLANT,P4-SYS-PLANT-C01,A plant has healthy leaves but its roots are badly damaged. Which problem is most likely to occur first?,It will be unable to receive light.,It will immediately stop producing flowers because flowers absorb water.,It will have difficulty taking in enough water from the soil.,Its leaves will become roots.,C,Damaged roots reduce the plant’s ability to absorb water and mineral salts.,Application,,,Pre-WA,Approved,"Assessment-focused rebuild aligned to official LO_ID and scope notes in the P3–P6 Standard Science Curriculum Mastery Map. Standard Bank v1: audited against the MOE Primary Science Syllabus and uploaded TLGs for curriculum scope, age-appropriate language and diagnostic quality. Standard Bank v1: MOE age/scope audit 2026-09-05.",,0,,2026-09-01,2026-09-05,Sci Diagnostic MOE Scope & Language Audit
P4_SYS_PLANT_C01_Q03,2,P4,P4-SYS-PLANT,P4-SYS-PLANT-C01,A pupil says the stem is useful only because it holds the plant upright. Which additional function does the stem have?,It absorbs most water directly from the air.,It makes all the plant’s food underground.,It produces soil for the roots.,It transports substances between the roots and leaves.,D,The stem supports the plant and transports substances between different parts.,Misconception probe,,,EOY,Approved,"Assessment-focused rebuild aligned to official LO_ID and scope notes in the P3–P6 Standard Science Curriculum Mastery Map. Standard Bank v1: audited against the MOE Primary Science Syllabus and uploaded TLGs for curriculum scope, age-appropriate language and diagnostic quality. Standard Bank v1: MOE age/scope audit 2026-09-05.",,0,,2026-09-01,2026-09-05,Sci Diagnostic MOE Scope & Language Audit
P4_SYS_PLANT_C01_Q04,2,P4,P4-SYS-PLANT,P4-SYS-PLANT-C01,Why are many leaves broad and positioned to receive light?,Leaves are the main plant parts that make food.,Leaves mainly anchor the plant.,Leaves mainly absorb mineral salts from soil.,Leaves pump water like a heart.,A,Leaves receive light and are the main plant parts that make food.,Application,,,Any,Approved,"Assessment-focused rebuild aligned to official LO_ID and scope notes in the P3–P6 Standard Science Curriculum Mastery Map. Standard Bank v1: audited against the MOE Primary Science Syllabus and uploaded TLGs for curriculum scope, age-appropriate language and diagnostic quality. Standard Bank v1: MOE age/scope audit 2026-09-05.",,0,,2026-09-01,2026-09-05,Sci Diagnostic MOE Scope & Language Audit
P4_SYS_PLANT_P01_Q01,2,P4,P4-SYS-PLANT,P4-SYS-PLANT-P01,A pupil is asked to compare the roots of two plants. Which observation is most useful?,Record only the colour of the flower pot.,"Record the number, thickness and branching pattern of the roots.",Measure the classroom temperature only.,Count the number of chairs near each plant.,B,Useful observations focus on visible features of the plant parts being compared.,Application,,,Topic,Approved,"Assessment-focused rebuild aligned to official LO_ID and scope notes in the P3–P6 Standard Science Curriculum Mastery Map. Standard Bank v1: audited against the MOE Primary Science Syllabus and uploaded TLGs for curriculum scope, age-appropriate language and diagnostic quality. Standard Bank v1: MOE age/scope audit 2026-09-05.",,0,,2026-09-01,2026-09-05,Sci Diagnostic MOE Scope & Language Audit
P4_SYS_PLANT_P01_Q02,2,P4,P4-SYS-PLANT,P4-SYS-PLANT-P01,"Which investigation best helps a pupil observe how roots, stems and leaves differ among plants?",Observe only one leaf from one plant.,Read the label on the plant pot without observing the plant.,Examine several whole plants and record visible features of each part.,Measure only the mass of the soil.,C,Observing several plants provides evidence about similarities and differences in plant parts.,Application,,,Pre-WA,Approved,"Assessment-focused rebuild aligned to official LO_ID and scope notes in the P3–P6 Standard Science Curriculum Mastery Map. Standard Bank v1: audited against the MOE Primary Science Syllabus and uploaded TLGs for curriculum scope, age-appropriate language and diagnostic quality. Standard Bank v1: MOE age/scope audit 2026-09-05.",,0,,2026-09-01,2026-09-05,Sci Diagnostic MOE Scope & Language Audit
P4_SYS_PLANT_P01_Q03,4,P4,P4-SYS-PLANT,P4-SYS-PLANT-P01,A pupil sees two plants with very different leaf shapes and says their leaves must have completely different functions. Which statement is more accurate?,Different shapes prove the plants have no leaves.,Only large leaves make food.,Leaf shape alone determines whether a plant is living.,Leaves can differ in appearance while still carrying out the same main function of making food.,D,Plant parts can look different in different plants while carrying out the same main functions.,Misconception probe,,,EOY,Approved,"Assessment-focused rebuild aligned to official LO_ID and scope notes in the P3–P6 Standard Science Curriculum Mastery Map. Standard Bank v1: audited against the MOE Primary Science Syllabus and uploaded TLGs for curriculum scope, age-appropriate language and diagnostic quality. Standard Bank v1: MOE age/scope audit 2026-09-05.",,0,,2026-09-01,2026-09-05,Sci Diagnostic MOE Scope & Language Audit
P4_SYS_DIG_C01_Q01,2,P4,P4-SYS-DIG,P4-SYS-DIG-C01,Which human system breaks down food into simpler substances that can be absorbed?,Digestive system,Respiratory system,Skeletal system,Muscular system,A,The digestive system breaks down food into simpler substances for absorption.,Direct concept,,,Topic,Approved,"Assessment-focused rebuild aligned to official LO_ID and scope notes in the P3–P6 Standard Science Curriculum Mastery Map. Standard Bank v1: audited against the MOE Primary Science Syllabus and uploaded TLGs for curriculum scope, age-appropriate language and diagnostic quality. Standard Bank v1: MOE age/scope audit 2026-09-05.",,0,,2026-09-01,2026-09-05,Sci Diagnostic MOE Scope & Language Audit
P4_SYS_DIG_C01_Q02,2,P4,P4-SYS-DIG,P4-SYS-DIG-C01,A runner needs oxygen to enter the body and then be carried to body parts. Which two systems are most directly involved?,Digestive and skeletal systems,Respiratory and circulatory systems,Muscular and digestive systems,Skeletal and respiratory systems only,B,"The respiratory system brings in oxygen, and the circulatory system transports it around the body.",Application,,,Pre-WA,Approved,"Assessment-focused rebuild aligned to official LO_ID and scope notes in the P3–P6 Standard Science Curriculum Mastery Map. Standard Bank v1: audited against the MOE Primary Science Syllabus and uploaded TLGs for curriculum scope, age-appropriate language and diagnostic quality. Standard Bank v1: MOE age/scope audit 2026-09-05.",,0,,2026-09-01,2026-09-05,Sci Diagnostic MOE Scope & Language Audit
P4_SYS_DIG_C01_Q03,3,P4,P4-SYS-DIG,P4-SYS-DIG-C01,A pupil says the skeletal system’s main function is to pump blood. Which correction is best?,The skeletal system digests food.,The muscular system is the only system that helps the body move.,The skeletal system supports and protects the body; the circulatory system includes the heart that pumps blood.,The digestive system pumps blood.,C,The skeletal system supports and protects the body. The heart in the circulatory system pumps blood.,Misconception probe,,,EOY,Approved,"Assessment-focused rebuild aligned to official LO_ID and scope notes in the P3–P6 Standard Science Curriculum Mastery Map. Standard Bank v1: audited against the MOE Primary Science Syllabus and uploaded TLGs for curriculum scope, age-appropriate language and diagnostic quality. Standard Bank v1: MOE age/scope audit 2026-09-05.",,0,,2026-09-01,2026-09-05,Sci Diagnostic MOE Scope & Language Audit
P4_SYS_DIG_C01_Q04,3,P4,P4-SYS-DIG,P4-SYS-DIG-C01,Which pair of systems works most directly together to move the body?,Digestive and respiratory systems,Circulatory and digestive systems,Respiratory and skeletal systems only,Skeletal and muscular systems,D,The skeletal and muscular systems work together to help the body move.,Application,,,Any,Approved,"Assessment-focused rebuild aligned to official LO_ID and scope notes in the P3–P6 Standard Science Curriculum Mastery Map. Standard Bank v1: audited against the MOE Primary Science Syllabus and uploaded TLGs for curriculum scope, age-appropriate language and diagnostic quality. Standard Bank v1: MOE age/scope audit 2026-09-05.",,0,,2026-09-01,2026-09-05,Sci Diagnostic MOE Scope & Language Audit
P4_SYS_DIG_C02_Q01,2,P4,P4-SYS-DIG,P4-SYS-DIG-C02,What is the main function of the gullet?,To move food from the mouth to the stomach,To absorb digested food into the blood,To absorb water from undigested food,To make food smaller by chewing,A,The gullet is a muscular tube that carries food from the mouth to the stomach.,Direct concept,,,Topic,Approved,"Assessment-focused rebuild aligned to official LO_ID and scope notes in the P3–P6 Standard Science Curriculum Mastery Map. Standard Bank v1: audited against the MOE Primary Science Syllabus and uploaded TLGs for curriculum scope, age-appropriate language and diagnostic quality. Standard Bank v1: MOE age/scope audit 2026-09-05.",,0,,2026-09-01,2026-09-05,Sci Diagnostic MOE Scope & Language Audit
P4_SYS_DIG_C02_Q02,3,P4,P4-SYS-DIG,P4-SYS-DIG-C02,Food has been digested into simple substances. In which part are these substances mainly absorbed into the blood?,Mouth,Small intestine,Gullet,Large intestine,B,Digested food is absorbed through the small intestine into the blood.,Application,,,Pre-WA,Approved,"Assessment-focused rebuild aligned to official LO_ID and scope notes in the P3–P6 Standard Science Curriculum Mastery Map. Standard Bank v1: audited against the MOE Primary Science Syllabus and uploaded TLGs for curriculum scope, age-appropriate language and diagnostic quality. Standard Bank v1: MOE age/scope audit 2026-09-05.",,0,,2026-09-01,2026-09-05,Sci Diagnostic MOE Scope & Language Audit
P4_SYS_DIG_C02_Q03,2,P4,P4-SYS-DIG,P4-SYS-DIG-C02,A pupil says the large intestine completes most digestion of food. What is its main role instead?,It chews food into smaller pieces.,It carries food from the mouth to the stomach.,It absorbs water from undigested food.,It absorbs oxygen into the blood.,C,The large intestine mainly absorbs water from undigested food.,Misconception probe,,,EOY,Approved,"Assessment-focused rebuild aligned to official LO_ID and scope notes in the P3–P6 Standard Science Curriculum Mastery Map. Standard Bank v1: audited against the MOE Primary Science Syllabus and uploaded TLGs for curriculum scope, age-appropriate language and diagnostic quality. Standard Bank v1: MOE age/scope audit 2026-09-05.",,0,,2026-09-01,2026-09-05,Sci Diagnostic MOE Scope & Language Audit
P4_SYS_DIG_C02_Q04,2,P4,P4-SYS-DIG,P4-SYS-DIG-C02,Which sequence shows the correct path of food through the digestive system?,Mouth → stomach → gullet → large intestine → small intestine,Mouth → small intestine → stomach → gullet → large intestine,Gullet → mouth → stomach → large intestine → small intestine,Mouth → gullet → stomach → small intestine → large intestine,D,Food moves through the digestive system in the stated order.,Application,,,Any,Approved,"Assessment-focused rebuild aligned to official LO_ID and scope notes in the P3–P6 Standard Science Curriculum Mastery Map. Standard Bank v1: audited against the MOE Primary Science Syllabus and uploaded TLGs for curriculum scope, age-appropriate language and diagnostic quality. Standard Bank v1: MOE age/scope audit 2026-09-05.",,0,,2026-09-01,2026-09-05,Sci Diagnostic MOE Scope & Language Audit
P4_CYC_MAT_C01_Q01,2,P4,P4-CYC-MAT,P4-CYC-MAT-C01,Which statement best defines matter?,Matter has mass and occupies space.,Matter must be visible.,Matter must be solid.,Matter is anything that produces light.,A,Matter is anything that has mass and occupies space.,Direct concept,,,Topic,Approved,"Assessment-focused rebuild aligned to official LO_ID and scope notes in the P3–P6 Standard Science Curriculum Mastery Map. Standard Bank v1: audited against the MOE Primary Science Syllabus and uploaded TLGs for curriculum scope, age-appropriate language and diagnostic quality. Standard Bank v1: MOE age/scope audit 2026-09-05.",,0,,2026-09-01,2026-09-05,Sci Diagnostic MOE Scope & Language Audit
P4_CYC_MAT_C01_Q02,2,P4,P4-CYC-MAT,P4-CYC-MAT-C01,A sealed balloon becomes heavier after more air is pumped into it. What does this show?,Air has no mass because it cannot be seen.,Air has mass and is matter.,Only the rubber of the balloon is matter.,Pumping air removes matter from the balloon.,B,The increase in mass provides evidence that air is matter.,Application,,,Pre-WA,Approved,"Assessment-focused rebuild aligned to official LO_ID and scope notes in the P3–P6 Standard Science Curriculum Mastery Map. Standard Bank v1: audited against the MOE Primary Science Syllabus and uploaded TLGs for curriculum scope, age-appropriate language and diagnostic quality. Standard Bank v1: MOE age/scope audit 2026-09-05.",,0,,2026-09-01,2026-09-05,Sci Diagnostic MOE Scope & Language Audit
P4_CYC_MAT_C01_Q03,2,P4,P4-CYC-MAT,P4-CYC-MAT-C01,A pupil says an empty cup contains no matter. Which response is correct?,The cup is truly empty because air is not matter.,Only liquids can occupy space.,"The cup contains air, which has mass and occupies space.","Air is light, so it cannot have mass.",C,Air is a gas and is matter even though it is invisible.,Misconception probe,,,EOY,Approved,"Assessment-focused rebuild aligned to official LO_ID and scope notes in the P3–P6 Standard Science Curriculum Mastery Map. Standard Bank v1: audited against the MOE Primary Science Syllabus and uploaded TLGs for curriculum scope, age-appropriate language and diagnostic quality. Standard Bank v1: MOE age/scope audit 2026-09-05.",,0,,2026-09-01,2026-09-05,Sci Diagnostic MOE Scope & Language Audit
P4_CYC_MAT_C01_Q04,2,P4,P4-CYC-MAT,P4-CYC-MAT-C01,Which item is NOT matter?,Water,Air,A metal spoon,A beam of light,D,Light is not matter because it does not have mass and occupy space in the way matter does.,Application,,,Any,Approved,"Assessment-focused rebuild aligned to official LO_ID and scope notes in the P3–P6 Standard Science Curriculum Mastery Map. Standard Bank v1: audited against the MOE Primary Science Syllabus and uploaded TLGs for curriculum scope, age-appropriate language and diagnostic quality. Standard Bank v1: MOE age/scope audit 2026-09-05.",,0,,2026-09-01,2026-09-05,Sci Diagnostic MOE Scope & Language Audit
P4_CYC_MAT_C02_Q01,2,P4,P4-CYC-MAT,P4-CYC-MAT-C02,Which state of matter has a definite shape and a definite volume?,Solid,Liquid,Gas,Both liquid and gas,A,A solid has both a definite shape and a definite volume.,Direct concept,,,Topic,Approved,"Assessment-focused rebuild aligned to official LO_ID and scope notes in the P3–P6 Standard Science Curriculum Mastery Map. Standard Bank v1: audited against the MOE Primary Science Syllabus and uploaded TLGs for curriculum scope, age-appropriate language and diagnostic quality. Standard Bank v1: MOE age/scope audit 2026-09-05.",,0,,2026-09-01,2026-09-05,Sci Diagnostic MOE Scope & Language Audit
P4_CYC_MAT_C02_Q02,2,P4,P4-CYC-MAT,P4-CYC-MAT-C02,Water is poured from a tall bottle into a wide bowl. What changes?,Its volume changes but its shape remains the same.,Its shape changes but its volume remains the same.,Both its shape and volume become fixed.,Its mass disappears.,B,A liquid takes the shape of its container but has a definite volume.,Application,,,Pre-WA,Approved,"Assessment-focused rebuild aligned to official LO_ID and scope notes in the P3–P6 Standard Science Curriculum Mastery Map. Standard Bank v1: audited against the MOE Primary Science Syllabus and uploaded TLGs for curriculum scope, age-appropriate language and diagnostic quality. Standard Bank v1: MOE age/scope audit 2026-09-05.",,0,,2026-09-01,2026-09-05,Sci Diagnostic MOE Scope & Language Audit
P4_CYC_MAT_C02_Q03,3,P4,P4-CYC-MAT,P4-CYC-MAT-C02,Sand can be poured and takes the shape of a container. Why is sand still considered a solid?,Anything that can be poured is a liquid.,Sand has no mass.,Each grain has its own definite shape and volume.,The grains change into liquid when poured.,C,"A pile of sand can be poured, but each grain still has its own definite shape and volume and remains a solid.",Misconception probe,,,EOY,Approved,"Assessment-focused rebuild aligned to official LO_ID and scope notes in the P3–P6 Standard Science Curriculum Mastery Map. Standard Bank v1: audited against the MOE Primary Science Syllabus and uploaded TLGs for curriculum scope, age-appropriate language and diagnostic quality. Standard Bank v1: MOE age/scope audit 2026-09-05.",,0,,2026-09-01,2026-09-05,Sci Diagnostic MOE Scope & Language Audit
P4_CYC_MAT_C02_Q04,2,P4,P4-CYC-MAT,P4-CYC-MAT-C02,Air is trapped in a sealed syringe and the plunger is pushed inward. Why can the air occupy a smaller volume?,A gas has a definite shape.,Air changes into a solid when pushed.,The air loses all its mass.,A gas has no definite volume and can be compressed.,D,Gases do not have a definite volume and can be compressed.,Application,,,Any,Approved,"Assessment-focused rebuild aligned to official LO_ID and scope notes in the P3–P6 Standard Science Curriculum Mastery Map. Standard Bank v1: audited against the MOE Primary Science Syllabus and uploaded TLGs for curriculum scope, age-appropriate language and diagnostic quality. Standard Bank v1: MOE age/scope audit 2026-09-05.",,0,,2026-09-01,2026-09-05,Sci Diagnostic MOE Scope & Language Audit
P4_CYC_MAT_P01_Q01,2,P4,P4-CYC-MAT,P4-CYC-MAT-P01,Which apparatus is most suitable for measuring 35 mL of water?,Measuring cylinder,Electronic balance,Spring balance,Metre ruler,A,A measuring cylinder is used to measure liquid volume.,Application,,,Topic,Approved,"Assessment-focused rebuild aligned to official LO_ID and scope notes in the P3–P6 Standard Science Curriculum Mastery Map. Standard Bank v1: audited against the MOE Primary Science Syllabus and uploaded TLGs for curriculum scope, age-appropriate language and diagnostic quality. Standard Bank v1: MOE age/scope audit 2026-09-05.",,0,,2026-09-01,2026-09-05,Sci Diagnostic MOE Scope & Language Audit
P4_CYC_MAT_P01_Q02,2,P4,P4-CYC-MAT,P4-CYC-MAT-P01,A stone raises the water level in a measuring cylinder from 40 mL to 58 mL. What is the volume of the stone?,40 mL,18 mL,58 mL,98 mL,B,The stone’s volume equals the rise in water level: 58 − 40 = 18 mL.,Application,,,Pre-WA,Approved,"Assessment-focused rebuild aligned to official LO_ID and scope notes in the P3–P6 Standard Science Curriculum Mastery Map. Standard Bank v1: audited against the MOE Primary Science Syllabus and uploaded TLGs for curriculum scope, age-appropriate language and diagnostic quality. Standard Bank v1: MOE age/scope audit 2026-09-05.",,0,,2026-09-01,2026-09-05,Sci Diagnostic MOE Scope & Language Audit
P4_CYC_MAT_P01_Q03,2,P4,P4-CYC-MAT,P4-CYC-MAT-P01,A pupil uses a ruler to find the mass of a marble. Which change should be made?,Use a measuring cylinder because all measurements use volume.,Use a thermometer to measure mass.,Use an electronic balance to measure mass.,Keep the ruler because length and mass are the same quantity.,C,"Mass is measured with a balance, not a ruler.",Misconception probe,,,EOY,Approved,"Assessment-focused rebuild aligned to official LO_ID and scope notes in the P3–P6 Standard Science Curriculum Mastery Map. Standard Bank v1: audited against the MOE Primary Science Syllabus and uploaded TLGs for curriculum scope, age-appropriate language and diagnostic quality. Standard Bank v1: MOE age/scope audit 2026-09-05.",,0,,2026-09-01,2026-09-05,Sci Diagnostic MOE Scope & Language Audit
P4_ENE_LIGHT_C01_Q01,2,P4,P4-ENE-LIGHT,P4-ENE-LIGHT-C01,Why can you see a book under a lamp?,The book produces its own light.,Your eyes send light to the book.,Darkness makes the book visible.,Light from the lamp reflects off the book into your eyes.,D,A non-light-producing object is seen when light reflects from it into the eyes.,Direct concept,,,Topic,Approved,"Assessment-focused rebuild aligned to official LO_ID and scope notes in the P3–P6 Standard Science Curriculum Mastery Map. Standard Bank v1: audited against the MOE Primary Science Syllabus and uploaded TLGs for curriculum scope, age-appropriate language and diagnostic quality. Standard Bank v1: MOE age/scope audit 2026-09-05.",,0,,2026-09-01,2026-09-05,Sci Diagnostic MOE Scope & Language Audit
P4_ENE_LIGHT_C01_Q02,2,P4,P4-ENE-LIGHT,P4-ENE-LIGHT-C01,A bicycle reflector is visible at night when car headlights shine on it. Why?,It reflects light from the headlights towards the observer.,It makes sunlight at night.,It produces electricity that lights itself.,It absorbs all incoming light.,A,The reflector is visible because it reflects light from another source.,Application,,,Pre-WA,Approved,"Assessment-focused rebuild aligned to official LO_ID and scope notes in the P3–P6 Standard Science Curriculum Mastery Map. Standard Bank v1: audited against the MOE Primary Science Syllabus and uploaded TLGs for curriculum scope, age-appropriate language and diagnostic quality. Standard Bank v1: MOE age/scope audit 2026-09-05.",,0,,2026-09-01,2026-09-05,Sci Diagnostic MOE Scope & Language Audit
P4_ENE_LIGHT_C01_Q03,2,P4,P4-ENE-LIGHT,P4-ENE-LIGHT-C01,A pupil says the Moon is a source of light because it looks bright. Which correction is best?,Anything bright makes its own light.,The Moon is seen because it reflects light from the Sun.,The Moon is visible because our eyes shine on it.,"The Moon gives out only heat, not reflected light.",B,Brightness alone does not mean an object is a light source; the Moon reflects sunlight.,Misconception probe,,,EOY,Approved,"Assessment-focused rebuild aligned to official LO_ID and scope notes in the P3–P6 Standard Science Curriculum Mastery Map. Standard Bank v1: audited against the MOE Primary Science Syllabus and uploaded TLGs for curriculum scope, age-appropriate language and diagnostic quality. Standard Bank v1: MOE age/scope audit 2026-09-05.",,0,,2026-09-01,2026-09-05,Sci Diagnostic MOE Scope & Language Audit
P4_ENE_LIGHT_C01_Q04,2,P4,P4-ENE-LIGHT,P4-ENE-LIGHT-C01,Why is an object difficult to see in a completely dark room?,The object loses its colour permanently.,The object stops being matter.,There is no light to reflect from the object into the eyes.,The eyes can see only objects that make sound.,C,"Without light reaching and reflecting from the object, the eyes receive no light from it.",Application,,,Any,Approved,"Assessment-focused rebuild aligned to official LO_ID and scope notes in the P3–P6 Standard Science Curriculum Mastery Map. Standard Bank v1: audited against the MOE Primary Science Syllabus and uploaded TLGs for curriculum scope, age-appropriate language and diagnostic quality. Standard Bank v1: MOE age/scope audit 2026-09-05.",,0,,2026-09-01,2026-09-05,Sci Diagnostic MOE Scope & Language Audit
P4_ENE_LIGHT_C02_Q01,2,P4,P4-ENE-LIGHT,P4-ENE-LIGHT-C02,Why does a shadow form behind an object that blocks light?,Light travels only in circles.,The object produces darkness.,Light disappears whenever it touches air.,Light travels in straight lines and cannot pass through the object.,D,A shadow is an area that receives less or no light because the straight-line path is blocked.,Direct concept,,,Topic,Approved,"Assessment-focused rebuild aligned to official LO_ID and scope notes in the P3–P6 Standard Science Curriculum Mastery Map. Standard Bank v1: audited against the MOE Primary Science Syllabus and uploaded TLGs for curriculum scope, age-appropriate language and diagnostic quality. Standard Bank v1: MOE age/scope audit 2026-09-05.",,0,,2026-09-01,2026-09-05,Sci Diagnostic MOE Scope & Language Audit
P4_ENE_LIGHT_C02_Q02,2,P4,P4-ENE-LIGHT,P4-ENE-LIGHT-C02,You can see a candle through a straight tube but not when the tube is bent. What does this show?,Light travels in straight lines.,Light travels only through plastic.,Light needs air to bend around corners.,Candlelight becomes weaker when a tube is bent.,A,The bent tube blocks the straight path from the candle to the eye.,Application,,,Pre-WA,Approved,"Assessment-focused rebuild aligned to official LO_ID and scope notes in the P3–P6 Standard Science Curriculum Mastery Map. Standard Bank v1: audited against the MOE Primary Science Syllabus and uploaded TLGs for curriculum scope, age-appropriate language and diagnostic quality. Standard Bank v1: MOE age/scope audit 2026-09-05.",,0,,2026-09-01,2026-09-05,Sci Diagnostic MOE Scope & Language Audit
P4_ENE_LIGHT_C02_Q03,2,P4,P4-ENE-LIGHT,P4-ENE-LIGHT-C02,A thin sheet lets some light pass through it. What kind of shadow should it produce compared with cardboard?,A darker shadow because more light passes through.,A lighter shadow because only part of the light is blocked.,No difference because all materials block the same amount of light.,A shadow in front of the light source.,B,"Partial blocking allows some light through, so the shadow is less dark.",Misconception probe,,,EOY,Approved,"Assessment-focused rebuild aligned to official LO_ID and scope notes in the P3–P6 Standard Science Curriculum Mastery Map. Standard Bank v1: audited against the MOE Primary Science Syllabus and uploaded TLGs for curriculum scope, age-appropriate language and diagnostic quality. Standard Bank v1: MOE age/scope audit 2026-09-05.",,0,,2026-09-01,2026-09-05,Sci Diagnostic MOE Scope & Language Audit
P4_ENE_LIGHT_C02_Q04,2,P4,P4-ENE-LIGHT,P4-ENE-LIGHT-C02,Where is the shadow of an object formed when a torch shines on it?,Between the torch and the object only.,Inside the torch.,On the side away from the torch.,Always directly above the object.,C,"The object blocks light travelling away from the source, so the shadow forms behind it.",Application,,,Any,Approved,"Assessment-focused rebuild aligned to official LO_ID and scope notes in the P3–P6 Standard Science Curriculum Mastery Map. Standard Bank v1: audited against the MOE Primary Science Syllabus and uploaded TLGs for curriculum scope, age-appropriate language and diagnostic quality. Standard Bank v1: MOE age/scope audit 2026-09-05.",,0,,2026-09-01,2026-09-05,Sci Diagnostic MOE Scope & Language Audit
P4_ENE_LIGHT_P01_Q01,2,P4,P4-ENE-LIGHT,P4-ENE-LIGHT-P01,A pupil wants to find out how the distance between a torch and a toy affects shadow size. What should be changed?,"The toy, screen and torch all at the same time",Only the colour of the toy,The room temperature,Only the distance between the torch and the toy,D,A fair test changes the selected distance while keeping other relevant variables the same.,Application,,,Topic,Approved,"Assessment-focused rebuild aligned to official LO_ID and scope notes in the P3–P6 Standard Science Curriculum Mastery Map. Standard Bank v1: audited against the MOE Primary Science Syllabus and uploaded TLGs for curriculum scope, age-appropriate language and diagnostic quality. Standard Bank v1: MOE age/scope audit 2026-09-05.",,0,,2026-09-01,2026-09-05,Sci Diagnostic MOE Scope & Language Audit
P4_ENE_LIGHT_P01_Q02,2,P4,P4-ENE-LIGHT,P4-ENE-LIGHT-P01,How can a pupil usually make the shadow of a toy larger on a fixed screen?,Move the toy closer to the light source.,Move the toy closer to the screen.,Use a smaller toy but keep all distances the same.,Turn the screen around.,A,Moving the object closer to the light source causes it to block a wider spread of light reaching the screen.,Application,,,Pre-WA,Approved,"Assessment-focused rebuild aligned to official LO_ID and scope notes in the P3–P6 Standard Science Curriculum Mastery Map. Standard Bank v1: audited against the MOE Primary Science Syllabus and uploaded TLGs for curriculum scope, age-appropriate language and diagnostic quality. Standard Bank v1: MOE age/scope audit 2026-09-05.",,0,,2026-09-01,2026-09-05,Sci Diagnostic MOE Scope & Language Audit
P4_ENE_LIGHT_P01_Q03,2,P4,P4-ENE-LIGHT,P4-ENE-LIGHT-P01,A pupil rotates an object and notices the shadow shape changes. What is the best explanation?,Light stops travelling in straight lines when the object rotates.,Different parts of the object block the light when its position or orientation changes.,The screen changes shape by itself.,The object becomes a light source.,B,Shadow shape depends on the shape and position of the object blocking the light.,Misconception probe,,,EOY,Approved,"Assessment-focused rebuild aligned to official LO_ID and scope notes in the P3–P6 Standard Science Curriculum Mastery Map. Standard Bank v1: audited against the MOE Primary Science Syllabus and uploaded TLGs for curriculum scope, age-appropriate language and diagnostic quality. Standard Bank v1: MOE age/scope audit 2026-09-05.",,0,,2026-09-01,2026-09-05,Sci Diagnostic MOE Scope & Language Audit
P4_ENE_HEAT_C01_Q01,2,P4,P4-ENE-HEAT,P4-ENE-HEAT-C01,Which is a common source of heat?,A mirror,A glass of room-temperature water,A lit stove,An unlit wooden ruler,C,A lit stove gives out heat energy.,Direct concept,,,Topic,Approved,"Assessment-focused rebuild aligned to official LO_ID and scope notes in the P3–P6 Standard Science Curriculum Mastery Map. Standard Bank v1: audited against the MOE Primary Science Syllabus and uploaded TLGs for curriculum scope, age-appropriate language and diagnostic quality. Standard Bank v1: MOE age/scope audit 2026-09-05.",,0,,2026-09-01,2026-09-05,Sci Diagnostic MOE Scope & Language Audit
P4_ENE_HEAT_C01_Q02,2,P4,P4-ENE-HEAT,P4-ENE-HEAT-C01,Which object is acting as a heat source while it is operating?,A metal spoon left on a table,A ceramic plate,A closed book,An electric toaster,D,An operating toaster produces heat used to warm or cook food.,Application,,,Pre-WA,Approved,"Assessment-focused rebuild aligned to official LO_ID and scope notes in the P3–P6 Standard Science Curriculum Mastery Map. Standard Bank v1: audited against the MOE Primary Science Syllabus and uploaded TLGs for curriculum scope, age-appropriate language and diagnostic quality. Standard Bank v1: MOE age/scope audit 2026-09-05.",,0,,2026-09-01,2026-09-05,Sci Diagnostic MOE Scope & Language Audit
P4_ENE_HEAT_C01_Q03,2,P4,P4-ENE-HEAT,P4-ENE-HEAT-C01,A shiny mirror feels warm after being in sunlight. Does that make it a heat source?,No. Being warmed does not necessarily mean the object produces heat itself.,Yes. Any warm object must be a heat source.,Yes. All shiny objects create heat.,No. Mirrors cannot gain heat.,A,An object can gain heat from another source without itself being the original heat source.,Misconception probe,,,EOY,Approved,"Assessment-focused rebuild aligned to official LO_ID and scope notes in the P3–P6 Standard Science Curriculum Mastery Map. Standard Bank v1: audited against the MOE Primary Science Syllabus and uploaded TLGs for curriculum scope, age-appropriate language and diagnostic quality. Standard Bank v1: MOE age/scope audit 2026-09-05.",,0,,2026-09-01,2026-09-05,Sci Diagnostic MOE Scope & Language Audit
P4_ENE_HEAT_C01_Q04,2,P4,P4-ENE-HEAT,P4-ENE-HEAT-C01,Which situation involves a source supplying heat to another object?,A ruler measuring a table,A flame heating a metal pot,A mirror reflecting an image,A sponge absorbing water,B,The flame supplies heat energy to the pot.,Application,,,Any,Approved,"Assessment-focused rebuild aligned to official LO_ID and scope notes in the P3–P6 Standard Science Curriculum Mastery Map. Standard Bank v1: audited against the MOE Primary Science Syllabus and uploaded TLGs for curriculum scope, age-appropriate language and diagnostic quality. Standard Bank v1: MOE age/scope audit 2026-09-05.",,0,,2026-09-01,2026-09-05,Sci Diagnostic MOE Scope & Language Audit
P4_ENE_HEAT_C02_Q01,2,P4,P4-ENE-HEAT,P4-ENE-HEAT-C02,What does temperature measure?,The mass of an object,The amount of space an object occupies,The degree of hotness of an object,How quickly an object moves,C,Temperature measures degree of hotness.,Direct concept,,,Topic,Approved,"Assessment-focused rebuild aligned to official LO_ID and scope notes in the P3–P6 Standard Science Curriculum Mastery Map. Standard Bank v1: audited against the MOE Primary Science Syllabus and uploaded TLGs for curriculum scope, age-appropriate language and diagnostic quality. Standard Bank v1: MOE age/scope audit 2026-09-05.",,0,,2026-09-01,2026-09-05,Sci Diagnostic MOE Scope & Language Audit
P4_ENE_HEAT_C02_Q02,2,P4,P4-ENE-HEAT,P4-ENE-HEAT-C02,Cup A is at 70°C and Cup B is at 25°C. Which cup has the higher temperature?,Cup B,Both have the same temperature,There is not enough information because temperature cannot be measured numerically.,Cup A,D,70°C represents a higher degree of hotness than 25°C.,Application,,,Pre-WA,Approved,"Assessment-focused rebuild aligned to official LO_ID and scope notes in the P3–P6 Standard Science Curriculum Mastery Map. Standard Bank v1: audited against the MOE Primary Science Syllabus and uploaded TLGs for curriculum scope, age-appropriate language and diagnostic quality. Standard Bank v1: MOE age/scope audit 2026-09-05.",,0,,2026-09-01,2026-09-05,Sci Diagnostic MOE Scope & Language Audit
P4_ENE_HEAT_C02_Q03,2,P4,P4-ENE-HEAT,P4-ENE-HEAT-C02,A large bucket of water and a small cup of water are both at 30°C. Which statement is correct?,They have the same temperature.,The bucket must have the higher temperature because it contains more water.,The cup must have the higher temperature because it is smaller.,Temperature is the same as volume.,A,Temperature is a measure of hotness and does not become higher simply because there is more substance.,Misconception probe,,,EOY,Approved,"Assessment-focused rebuild aligned to official LO_ID and scope notes in the P3–P6 Standard Science Curriculum Mastery Map. Standard Bank v1: audited against the MOE Primary Science Syllabus and uploaded TLGs for curriculum scope, age-appropriate language and diagnostic quality. Standard Bank v1: MOE age/scope audit 2026-09-05.",,0,,2026-09-01,2026-09-05,Sci Diagnostic MOE Scope & Language Audit
P4_ENE_HEAT_C02_Q04,2,P4,P4-ENE-HEAT,P4-ENE-HEAT-C02,Which instrument gives a numerical measurement of temperature?,Measuring cylinder,Thermometer,Electronic balance,Ruler,B,A thermometer measures temperature.,Application,,,Any,Approved,"Assessment-focused rebuild aligned to official LO_ID and scope notes in the P3–P6 Standard Science Curriculum Mastery Map. Standard Bank v1: audited against the MOE Primary Science Syllabus and uploaded TLGs for curriculum scope, age-appropriate language and diagnostic quality. Standard Bank v1: MOE age/scope audit 2026-09-05.",,0,,2026-09-01,2026-09-05,Sci Diagnostic MOE Scope & Language Audit
P4_ENE_HEAT_C03_Q01,2,P4,P4-ENE-HEAT,P4-ENE-HEAT-C03,Which statement about heat is correct?,Heat is a type of matter.,Heat is the same quantity as temperature.,Heat is a form of energy.,Heat has a fixed shape and volume.,C,Heat is a form of energy.,Direct concept,,,Topic,Approved,"Assessment-focused rebuild aligned to official LO_ID and scope notes in the P3–P6 Standard Science Curriculum Mastery Map. Standard Bank v1: audited against the MOE Primary Science Syllabus and uploaded TLGs for curriculum scope, age-appropriate language and diagnostic quality. Standard Bank v1: MOE age/scope audit 2026-09-05.",,0,,2026-09-01,2026-09-05,Sci Diagnostic MOE Scope & Language Audit
P4_ENE_HEAT_C03_Q02,2,P4,P4-ENE-HEAT,P4-ENE-HEAT-C03,A metal spoon becomes warmer when placed in hot soup. What has the spoon gained?,Mass from the soup,A new state of matter,Cold energy,Heat energy,D,The spoon gains heat from the hotter soup.,Application,,,Pre-WA,Approved,"Assessment-focused rebuild aligned to official LO_ID and scope notes in the P3–P6 Standard Science Curriculum Mastery Map. Standard Bank v1: audited against the MOE Primary Science Syllabus and uploaded TLGs for curriculum scope, age-appropriate language and diagnostic quality. Standard Bank v1: MOE age/scope audit 2026-09-05.",,0,,2026-09-01,2026-09-05,Sci Diagnostic MOE Scope & Language Audit
P4_ENE_HEAT_C03_Q03,2,P4,P4-ENE-HEAT,P4-ENE-HEAT-C03,A pupil says heat is a substance stored inside an object like water in a bottle. Which correction is best?,Heat is energy transferred because of a temperature difference.,Heat is a gas trapped in hot objects.,Heat is another name for mass.,Heat is a solid that melts at high temperature.,A,"Heat is energy, not a material substance.",Misconception probe,,,EOY,Approved,"Assessment-focused rebuild aligned to official LO_ID and scope notes in the P3–P6 Standard Science Curriculum Mastery Map. Standard Bank v1: audited against the MOE Primary Science Syllabus and uploaded TLGs for curriculum scope, age-appropriate language and diagnostic quality. Standard Bank v1: MOE age/scope audit 2026-09-05.",,0,,2026-09-01,2026-09-05,Sci Diagnostic MOE Scope & Language Audit
P4_ENE_HEAT_C03_Q04,2,P4,P4-ENE-HEAT,P4-ENE-HEAT-C03,"When a cold object is placed beside a hotter object and energy transfers to it, what form of energy is being transferred?",Sound,Heat,Light only,Mass,B,The energy transferred due to the temperature difference is heat.,Application,,,Any,Approved,"Assessment-focused rebuild aligned to official LO_ID and scope notes in the P3–P6 Standard Science Curriculum Mastery Map. Standard Bank v1: audited against the MOE Primary Science Syllabus and uploaded TLGs for curriculum scope, age-appropriate language and diagnostic quality. Standard Bank v1: MOE age/scope audit 2026-09-05.",,0,,2026-09-01,2026-09-05,Sci Diagnostic MOE Scope & Language Audit
P4_ENE_HEAT_C04_Q01,3,P4,P4-ENE-HEAT,P4-ENE-HEAT-C04,Which statement correctly shows the difference between heat and temperature?,Heat and temperature are exactly the same quantity.,"Heat measures mass, while temperature measures volume.","Heat is energy, while temperature measures degree of hotness.","Temperature is energy, while heat measures length.",C,Heat is a form of energy. Temperature tells how hot or cold something is.,Direct concept,,,Topic,Approved,"Assessment-focused rebuild aligned to official LO_ID and scope notes in the P3–P6 Standard Science Curriculum Mastery Map. Standard Bank v1: audited against the MOE Primary Science Syllabus and uploaded TLGs for curriculum scope, age-appropriate language and diagnostic quality. Standard Bank v1: MOE age/scope audit 2026-09-05.",,0,,2026-09-01,2026-09-05,Sci Diagnostic MOE Scope & Language Audit
P4_ENE_HEAT_C04_Q02,2,P4,P4-ENE-HEAT,P4-ENE-HEAT-C04,A cup of tea cools from 80°C to 40°C. Which statement is correct?,The tea lost temperature but gained heat.,"Heat and temperature both mean the same thing, so no distinction can be made.",The tea’s mass must have halved.,The tea lost heat and its temperature decreased.,D,Heat transfer can cause a change in the measured temperature.,Application,,,Pre-WA,Approved,"Assessment-focused rebuild aligned to official LO_ID and scope notes in the P3–P6 Standard Science Curriculum Mastery Map. Standard Bank v1: audited against the MOE Primary Science Syllabus and uploaded TLGs for curriculum scope, age-appropriate language and diagnostic quality. Standard Bank v1: MOE age/scope audit 2026-09-05.",,0,,2026-09-01,2026-09-05,Sci Diagnostic MOE Scope & Language Audit
P4_ENE_HEAT_C04_Q03,2,P4,P4-ENE-HEAT,P4-ENE-HEAT-C04,A pupil says “this object has 50°C of heat.” What is wrong with the statement?,"Degrees Celsius measure temperature, not heat.",Degrees Celsius measure mass.,Heat can never affect temperature.,Temperature is measured in metres.,A,"°C is a temperature unit, so it should describe the object’s temperature.",Misconception probe,,,EOY,Approved,"Assessment-focused rebuild aligned to official LO_ID and scope notes in the P3–P6 Standard Science Curriculum Mastery Map. Standard Bank v1: audited against the MOE Primary Science Syllabus and uploaded TLGs for curriculum scope, age-appropriate language and diagnostic quality. Standard Bank v1: MOE age/scope audit 2026-09-05.",,0,,2026-09-01,2026-09-05,Sci Diagnostic MOE Scope & Language Audit
P4_ENE_HEAT_C04_Q04,2,P4,P4-ENE-HEAT,P4-ENE-HEAT-C04,Two objects have the same temperature. Which statement is safest?,They must have the same mass.,"They have the same degree of hotness, but this does not make heat and temperature the same quantity.",They must be made of the same material.,They contain exactly the same amount of matter.,B,Temperature compares degree of hotness; it does not by itself determine mass or material.,Application,,,Any,Approved,"Assessment-focused rebuild aligned to official LO_ID and scope notes in the P3–P6 Standard Science Curriculum Mastery Map. Standard Bank v1: audited against the MOE Primary Science Syllabus and uploaded TLGs for curriculum scope, age-appropriate language and diagnostic quality. Standard Bank v1: MOE age/scope audit 2026-09-05.",,0,,2026-09-01,2026-09-05,Sci Diagnostic MOE Scope & Language Audit
P4_ENE_HEAT_C05_Q01,2,P4,P4-ENE-HEAT,P4-ENE-HEAT-C05,"When a hot metal spoon is placed in cooler water, in which direction does heat flow?",From the water to the spoon,Equally in both directions with no net transfer,From the spoon to the water,Heat does not flow between objects.,C,Heat flows from a hotter object to a colder object.,Direct concept,,,Topic,Approved,"Assessment-focused rebuild aligned to official LO_ID and scope notes in the P3–P6 Standard Science Curriculum Mastery Map. Standard Bank v1: audited against the MOE Primary Science Syllabus and uploaded TLGs for curriculum scope, age-appropriate language and diagnostic quality. Standard Bank v1: MOE age/scope audit 2026-09-05.",,0,,2026-09-01,2026-09-05,Sci Diagnostic MOE Scope & Language Audit
P4_ENE_HEAT_C05_Q02,2,P4,P4-ENE-HEAT,P4-ENE-HEAT-C05,A drink at 60°C is left in a room at 25°C for a long time. What will eventually happen?,It will stay at 60°C forever.,It will fall below 0°C without any other cooling.,The room will remain unchanged while the drink becomes hotter.,Its temperature will approach the room temperature.,D,Heat transfers from the hotter drink to the cooler surroundings until temperatures become the same.,Application,,,Pre-WA,Approved,"Assessment-focused rebuild aligned to official LO_ID and scope notes in the P3–P6 Standard Science Curriculum Mastery Map. Standard Bank v1: audited against the MOE Primary Science Syllabus and uploaded TLGs for curriculum scope, age-appropriate language and diagnostic quality. Standard Bank v1: MOE age/scope audit 2026-09-05.",,0,,2026-09-01,2026-09-05,Sci Diagnostic MOE Scope & Language Audit
P4_ENE_HEAT_C05_Q03,2,P4,P4-ENE-HEAT,P4-ENE-HEAT-C05,A metal chair feels cold when you touch it. Which explanation is correct?,Heat flows from your warmer hand to the cooler chair.,Cold energy flows from the chair into your hand.,The chair produces coldness.,Your hand loses mass to the chair.,A,Coldness is not a form of energy flowing into the hand; heat leaves the warmer hand.,Misconception probe,,,EOY,Approved,"Assessment-focused rebuild aligned to official LO_ID and scope notes in the P3–P6 Standard Science Curriculum Mastery Map. Standard Bank v1: audited against the MOE Primary Science Syllabus and uploaded TLGs for curriculum scope, age-appropriate language and diagnostic quality. Standard Bank v1: MOE age/scope audit 2026-09-05.",,0,,2026-09-01,2026-09-05,Sci Diagnostic MOE Scope & Language Audit
P4_ENE_HEAT_C05_Q04,2,P4,P4-ENE-HEAT,P4-ENE-HEAT-C05,Two objects at the same temperature are placed in contact. What happens to their temperatures if the surroundings do not affect them?,The smaller one always becomes hotter.,"There is no net heat transfer between them, so their temperatures stay the same.",Heat flows from both until both freeze.,The heavier one always becomes colder.,B,"Without a temperature difference, there is no net heat transfer between the objects.",Application,,,Any,Approved,"Assessment-focused rebuild aligned to official LO_ID and scope notes in the P3–P6 Standard Science Curriculum Mastery Map. Standard Bank v1: audited against the MOE Primary Science Syllabus and uploaded TLGs for curriculum scope, age-appropriate language and diagnostic quality. Standard Bank v1: MOE age/scope audit 2026-09-05.",,0,,2026-09-01,2026-09-05,Sci Diagnostic MOE Scope & Language Audit
P4_ENE_HEAT_C06_Q01,2,P4,P4-ENE-HEAT,P4-ENE-HEAT-C06,What usually happens to an object’s temperature when it gains heat without changing state?,Its temperature decreases.,Its mass becomes zero.,Its temperature increases.,Its temperature must remain unchanged in every situation.,C,Heat gain usually raises temperature when there is no change of state.,Direct concept,,,Topic,Approved,"Assessment-focused rebuild aligned to official LO_ID and scope notes in the P3–P6 Standard Science Curriculum Mastery Map. Standard Bank v1: audited against the MOE Primary Science Syllabus and uploaded TLGs for curriculum scope, age-appropriate language and diagnostic quality. Standard Bank v1: MOE age/scope audit 2026-09-05.",,0,,2026-09-01,2026-09-05,Sci Diagnostic MOE Scope & Language Audit
P4_ENE_HEAT_C06_Q02,2,P4,P4-ENE-HEAT,P4-ENE-HEAT-C06,A cup of water is cooled from 35°C to 20°C. What has happened to the water?,It has gained heat.,It has gained mass.,It has become a gas.,It has lost heat.,D,A decrease in temperature indicates that the water has lost heat.,Application,,,Pre-WA,Approved,"Assessment-focused rebuild aligned to official LO_ID and scope notes in the P3–P6 Standard Science Curriculum Mastery Map. Standard Bank v1: audited against the MOE Primary Science Syllabus and uploaded TLGs for curriculum scope, age-appropriate language and diagnostic quality. Standard Bank v1: MOE age/scope audit 2026-09-05.",,0,,2026-09-01,2026-09-05,Sci Diagnostic MOE Scope & Language Audit
P4_ENE_HEAT_C06_Q03,2,P4,P4-ENE-HEAT,P4-ENE-HEAT-C06,A pupil warms a metal block and sees its temperature rise. The pupil says the block must have lost heat because the room became cooler. Which correction is best?,A rising temperature of the block shows that the block gained heat.,A rising temperature always means heat loss.,Temperature changes are unrelated to heat transfer.,The block must have lost mass instead of gaining heat.,A,"For the block, a temperature rise indicates heat gain.",Misconception probe,,,EOY,Approved,"Assessment-focused rebuild aligned to official LO_ID and scope notes in the P3–P6 Standard Science Curriculum Mastery Map. Standard Bank v1: audited against the MOE Primary Science Syllabus and uploaded TLGs for curriculum scope, age-appropriate language and diagnostic quality. Standard Bank v1: MOE age/scope audit 2026-09-05.",,0,,2026-09-01,2026-09-05,Sci Diagnostic MOE Scope & Language Audit
P4_ENE_HEAT_C06_Q04,2,P4,P4-ENE-HEAT,P4-ENE-HEAT-C06,Object X changes from 25°C to 45°C. Object Y changes from 45°C to 30°C. Which statement is correct?,Both gained heat.,X gained heat while Y lost heat.,Both lost heat.,Neither exchanged heat because both remained above 0°C.,B,"Rising temperature indicates heat gain; falling temperature indicates heat loss, assuming no change of state.",Application,,,Any,Approved,"Assessment-focused rebuild aligned to official LO_ID and scope notes in the P3–P6 Standard Science Curriculum Mastery Map. Standard Bank v1: audited against the MOE Primary Science Syllabus and uploaded TLGs for curriculum scope, age-appropriate language and diagnostic quality. Standard Bank v1: MOE age/scope audit 2026-09-05.",,0,,2026-09-01,2026-09-05,Sci Diagnostic MOE Scope & Language Audit
P4_ENE_HEAT_C07_Q01,2,P4,P4-ENE-HEAT,P4-ENE-HEAT-C07,What commonly happens to a solid object when it gains heat?,It always melts immediately.,It loses all its mass.,It expands.,It always contracts.,C,Many solids expand when they gain heat.,Direct concept,,,Topic,Approved,"Assessment-focused rebuild aligned to official LO_ID and scope notes in the P3–P6 Standard Science Curriculum Mastery Map. Standard Bank v1: audited against the MOE Primary Science Syllabus and uploaded TLGs for curriculum scope, age-appropriate language and diagnostic quality. Standard Bank v1: MOE age/scope audit 2026-09-05.",,0,,2026-09-01,2026-09-05,Sci Diagnostic MOE Scope & Language Audit
P4_ENE_HEAT_C07_Q02,3,P4,P4-ENE-HEAT,P4-ENE-HEAT-C07,Why are small gaps left between some sections of metal railway tracks?,To make the metal absorb more water.,To stop the rails from gaining heat.,To make the rails become lighter.,To allow the metal to expand when it gains heat.,D,The gaps give the rails space to expand when they gain heat.,Application,,,Pre-WA,Approved,"Assessment-focused rebuild aligned to official LO_ID and scope notes in the P3–P6 Standard Science Curriculum Mastery Map. Standard Bank v1: audited against the MOE Primary Science Syllabus and uploaded TLGs for curriculum scope, age-appropriate language and diagnostic quality. Standard Bank v1: MOE age/scope audit 2026-09-05.",,0,,2026-09-01,2026-09-05,Sci Diagnostic MOE Scope & Language Audit
P4_ENE_HEAT_C07_Q03,2,P4,P4-ENE-HEAT,P4-ENE-HEAT-C07,A metal ball expands when heated. What happens to its mass if no material is added or removed?,Its mass stays the same.,Its mass increases because its size increases.,Its mass decreases because heat makes it lighter.,Its mass becomes zero while it is hot.,A,"Expansion changes volume, not the amount of matter present.",Misconception probe,,,EOY,Approved,"Assessment-focused rebuild aligned to official LO_ID and scope notes in the P3–P6 Standard Science Curriculum Mastery Map. Standard Bank v1: audited against the MOE Primary Science Syllabus and uploaded TLGs for curriculum scope, age-appropriate language and diagnostic quality. Standard Bank v1: MOE age/scope audit 2026-09-05.",,0,,2026-09-01,2026-09-05,Sci Diagnostic MOE Scope & Language Audit
P4_ENE_HEAT_C07_Q04,2,P4,P4-ENE-HEAT,P4-ENE-HEAT-C07,Water in an ice tray is placed in a freezer. Which effect of heat loss is observed?,The water expands because it gains heat.,The water changes from liquid to solid.,The water changes directly into gas.,The water’s temperature rises continuously.,B,Freezing is a change of state caused by heat loss.,Application,,,Any,Approved,"Assessment-focused rebuild aligned to official LO_ID and scope notes in the P3–P6 Standard Science Curriculum Mastery Map. Standard Bank v1: audited against the MOE Primary Science Syllabus and uploaded TLGs for curriculum scope, age-appropriate language and diagnostic quality. Standard Bank v1: MOE age/scope audit 2026-09-05.",,0,,2026-09-01,2026-09-05,Sci Diagnostic MOE Scope & Language Audit
P4_ENE_HEAT_C08_Q01,2,P4,P4-ENE-HEAT,P4-ENE-HEAT-C08,Which material is generally a good conductor of heat?,Wood,Plastic,Metal,Air,C,Metals are good conductors of heat.,Direct concept,,,Topic,Approved,"Assessment-focused rebuild aligned to official LO_ID and scope notes in the P3–P6 Standard Science Curriculum Mastery Map. Standard Bank v1: audited against the MOE Primary Science Syllabus and uploaded TLGs for curriculum scope, age-appropriate language and diagnostic quality. Standard Bank v1: MOE age/scope audit 2026-09-05.",,0,,2026-09-01,2026-09-05,Sci Diagnostic MOE Scope & Language Audit
P4_ENE_HEAT_C08_Q02,2,P4,P4-ENE-HEAT,P4-ENE-HEAT-C08,Why is a plastic handle useful on a metal saucepan?,Plastic makes the metal conduct heat faster.,Plastic produces cold energy.,Plastic increases the temperature of the food.,"Plastic is a poor conductor of heat, so less heat reaches the hand.",D,A poor conductor slows heat transfer to the user’s hand.,Application,,,Pre-WA,Approved,"Assessment-focused rebuild aligned to official LO_ID and scope notes in the P3–P6 Standard Science Curriculum Mastery Map. Standard Bank v1: audited against the MOE Primary Science Syllabus and uploaded TLGs for curriculum scope, age-appropriate language and diagnostic quality. Standard Bank v1: MOE age/scope audit 2026-09-05.",,0,,2026-09-01,2026-09-05,Sci Diagnostic MOE Scope & Language Audit
P4_ENE_HEAT_C08_Q03,2,P4,P4-ENE-HEAT,P4-ENE-HEAT-C08,A metal and plastic object have been in the same room for hours. The metal feels colder. Which explanation is best?,Metal transfers heat away from the hand faster because it is a better conductor.,The metal must be at a lower room temperature.,Plastic creates heat inside itself.,The metal contains cold energy.,A,Objects can be at the same temperature but feel different because they conduct heat at different rates.,Misconception probe,,,EOY,Approved,"Assessment-focused rebuild aligned to official LO_ID and scope notes in the P3–P6 Standard Science Curriculum Mastery Map. Standard Bank v1: audited against the MOE Primary Science Syllabus and uploaded TLGs for curriculum scope, age-appropriate language and diagnostic quality. Standard Bank v1: MOE age/scope audit 2026-09-05.",,0,,2026-09-01,2026-09-05,Sci Diagnostic MOE Scope & Language Audit
P4_ENE_HEAT_C08_Q04,2,P4,P4-ENE-HEAT,P4-ENE-HEAT-C08,Why does trapped air in a thick jacket help keep a person warm?,Air is a metal and conducts heat rapidly.,Air is a poor conductor of heat and slows heat loss.,Air produces heat by itself.,Air prevents the body from having a temperature.,B,Trapped air is a poor conductor and reduces heat transfer from the body.,Application,,,Any,Approved,"Assessment-focused rebuild aligned to official LO_ID and scope notes in the P3–P6 Standard Science Curriculum Mastery Map. Standard Bank v1: audited against the MOE Primary Science Syllabus and uploaded TLGs for curriculum scope, age-appropriate language and diagnostic quality. Standard Bank v1: MOE age/scope audit 2026-09-05.",,0,,2026-09-01,2026-09-05,Sci Diagnostic MOE Scope & Language Audit
P4_ENE_HEAT_P01_Q01,2,P4,P4-ENE-HEAT,P4-ENE-HEAT-P01,How should a pupil view the liquid level in a thermometer to reduce reading error?,From far above the scale,From far below the scale,With the eye level in line with the top of the liquid column,With the thermometer upside down,C,Eye level should be aligned with the liquid level to avoid parallax error.,Application,,,Topic,Approved,"Assessment-focused rebuild aligned to official LO_ID and scope notes in the P3–P6 Standard Science Curriculum Mastery Map. Standard Bank v1: audited against the MOE Primary Science Syllabus and uploaded TLGs for curriculum scope, age-appropriate language and diagnostic quality. Standard Bank v1: MOE age/scope audit 2026-09-05.",,0,,2026-09-01,2026-09-05,Sci Diagnostic MOE Scope & Language Audit
P4_ENE_HEAT_P01_Q02,2,P4,P4-ENE-HEAT,P4-ENE-HEAT-P01,A pupil wants to record how the temperature of water changes every minute while it cools. Which tool is suitable?,A measuring cylinder only,A ruler only,A spring balance only,A thermometer or temperature sensor connected to a datalogger,D,A thermometer or temperature sensor measures temperature over time.,Application,,,Pre-WA,Approved,"Assessment-focused rebuild aligned to official LO_ID and scope notes in the P3–P6 Standard Science Curriculum Mastery Map. Standard Bank v1: audited against the MOE Primary Science Syllabus and uploaded TLGs for curriculum scope, age-appropriate language and diagnostic quality. Standard Bank v1: MOE age/scope audit 2026-09-05.",,0,,2026-09-01,2026-09-05,Sci Diagnostic MOE Scope & Language Audit
P4_ENE_HEAT_P01_Q03,2,P4,P4-ENE-HEAT,P4-ENE-HEAT-P01,A pupil reads 32°C when looking down at a thermometer scale from above. What should the pupil do before trusting the reading?,Read it again with the eye level aligned with the liquid column.,Shake the thermometer until the reading changes.,Use a ruler instead.,Assume all thermometers read 32°C indoors.,A,Correct eye position is needed for an accurate reading.,Misconception probe,,,EOY,Approved,"Assessment-focused rebuild aligned to official LO_ID and scope notes in the P3–P6 Standard Science Curriculum Mastery Map. Standard Bank v1: audited against the MOE Primary Science Syllabus and uploaded TLGs for curriculum scope, age-appropriate language and diagnostic quality. Standard Bank v1: MOE age/scope audit 2026-09-05.",,0,,2026-09-01,2026-09-05,Sci Diagnostic MOE Scope & Language Audit
P5_CYC_REP_C01_Q01,2,P5,P5-CYC-REP,P5-CYC-REP-C01,Which statement about cells is correct?,Only animals are made of cells.,A cell is a basic unit of life.,Cells are found only in blood.,Every cell has exactly the same parts and shape.,B,Cells are the basic units that make up living things.,Direct concept,,,Topic,Approved,"Assessment-focused rebuild aligned to official LO_ID and scope notes in the P3–P6 Standard Science Curriculum Mastery Map. Standard Bank v1: audited against the MOE Primary Science Syllabus and uploaded TLGs for curriculum scope, age-appropriate language and diagnostic quality. Standard Bank v1: MOE age/scope audit 2026-09-05.",,0,,2026-09-01,2026-09-05,Sci Diagnostic MOE Scope & Language Audit
P5_CYC_REP_C01_Q02,3,P5,P5-CYC-REP,P5-CYC-REP-C01,A pupil looks at a piece of leaf under a microscope and sees many tiny units. What are these units?,Seeds,Mineral salts,Cells,Water droplets,C,Living things such as plants are made up of cells.,Application,,,Pre-WA,Approved,"Assessment-focused rebuild aligned to official LO_ID and scope notes in the P3–P6 Standard Science Curriculum Mastery Map. Standard Bank v1: audited against the MOE Primary Science Syllabus and uploaded TLGs for curriculum scope, age-appropriate language and diagnostic quality. Standard Bank v1: MOE age/scope audit 2026-09-05.",,0,,2026-09-01,2026-09-05,Sci Diagnostic MOE Scope & Language Audit
P5_CYC_REP_C01_Q03,4,P5,P5-CYC-REP,P5-CYC-REP-C01,A pupil observes a piece of leaf and a sample of human skin under a microscope. Both are seen to be made up of many tiny units. What conclusion is best supported?,Only plants are made of living units.,Cells are found only in leaves and skin.,All living things are made of one single cell.,Both the leaf and human skin are made up of cells.,D,The observations support the idea that living things are made up of cells. A cell is a basic unit of life.,Application,TLG Key Idea: A cell is a basic unit of life.,,EOY,Approved,"TLG scope correction: specific cell-part knowledge removed; aligned to the official LO and uploaded Reproduction TLG. Standard Bank v1: audited against the MOE Primary Science Syllabus and uploaded TLGs for curriculum scope, age-appropriate language and diagnostic quality. Standard Bank v1: MOE age/scope audit 2026-09-05.",,0,,2026-09-01,2026-09-05,Sci Diagnostic MOE Scope & Language Audit
P5_CYC_REP_C01_Q04,4,P5,P5-CYC-REP,P5-CYC-REP-C01,"A pupil looks at a leaf, a root and human skin under a microscope. What idea do these observations support?",Living things are made up of cells.,Only leaves are made up of cells.,Cells are found only in animals.,Cells can be seen clearly without a microscope.,A,Living things are made up of cells. A cell is a basic unit of life.,Misconception probe,TLG Key Idea: A cell is a basic unit of life.,A living thing grows only when cells grow bigger.,Any,Approved,"TLG scope correction: specific cell-part knowledge removed; aligned to the official LO and uploaded Reproduction TLG. Standard Bank v1: audited against the MOE Primary Science Syllabus and uploaded TLGs for curriculum scope, age-appropriate language and diagnostic quality. Standard Bank v1: MOE age/scope audit 2026-09-05.",,0,,2026-09-01,2026-09-05,Sci Diagnostic MOE Scope & Language Audit
P5_CYC_REP_C02_Q01,2,P5,P5-CYC-REP,P5-CYC-REP-C02,Why do living things reproduce?,To avoid needing food and water.,To ensure the continuity of their kind.,To make every offspring identical to the parent.,To stop growing when they become adults.,B,Reproduction produces a new generation and allows a kind of living thing to continue.,Direct concept,,,Topic,Approved,"Assessment-focused rebuild aligned to official LO_ID and scope notes in the P3–P6 Standard Science Curriculum Mastery Map. Standard Bank v1: audited against the MOE Primary Science Syllabus and uploaded TLGs for curriculum scope, age-appropriate language and diagnostic quality. Standard Bank v1: MOE age/scope audit 2026-09-05.",,0,,2026-09-01,2026-09-05,Sci Diagnostic MOE Scope & Language Audit
P5_CYC_REP_C02_Q02,2,P5,P5-CYC-REP,P5-CYC-REP-C02,A child has a natural hair texture similar to one parent. Which idea does this illustrate?,All characteristics are learned after birth.,Offspring never share characteristics with parents.,Some characteristics can be passed from parents to offspring.,Reproduction affects only body size.,C,Many characteristics can be inherited from parents.,Application,,,Pre-WA,Approved,"Assessment-focused rebuild aligned to official LO_ID and scope notes in the P3–P6 Standard Science Curriculum Mastery Map. Standard Bank v1: audited against the MOE Primary Science Syllabus and uploaded TLGs for curriculum scope, age-appropriate language and diagnostic quality. Standard Bank v1: MOE age/scope audit 2026-09-05.",,0,,2026-09-01,2026-09-05,Sci Diagnostic MOE Scope & Language Audit
P5_CYC_REP_C02_Q03,2,P5,P5-CYC-REP,P5-CYC-REP-C02,A pupil says an offspring must look exactly like its parents. Which statement is more accurate?,All offspring are exact copies of one parent.,Inherited characteristics appear only in plants.,Only learned behaviours can be passed from parents to offspring.,Offspring can share inherited characteristics with parents without being identical to them.,D,"Inherited characteristics can create similarities, but offspring are not necessarily identical to parents.",Misconception probe,,,EOY,Approved,"Assessment-focused rebuild aligned to official LO_ID and scope notes in the P3–P6 Standard Science Curriculum Mastery Map. Standard Bank v1: audited against the MOE Primary Science Syllabus and uploaded TLGs for curriculum scope, age-appropriate language and diagnostic quality. Standard Bank v1: MOE age/scope audit 2026-09-05.",,0,,2026-09-01,2026-09-05,Sci Diagnostic MOE Scope & Language Audit
P5_CYC_REP_C02_Q04,3,P5,P5-CYC-REP,P5-CYC-REP-C02,A kind of plant produces no offspring for many generations. What long-term problem could result?,That kind may eventually disappear if the existing plants die.,The adults will become non-living immediately.,The plants will automatically change into another kind of plant.,The adults will no longer need energy.,A,"Without reproduction, a kind of living thing cannot replace individuals that die.",Application,,,Any,Approved,"Assessment-focused rebuild aligned to official LO_ID and scope notes in the P3–P6 Standard Science Curriculum Mastery Map. Standard Bank v1: audited against the MOE Primary Science Syllabus and uploaded TLGs for curriculum scope, age-appropriate language and diagnostic quality. Standard Bank v1: MOE age/scope audit 2026-09-05.",,0,,2026-09-01,2026-09-05,Sci Diagnostic MOE Scope & Language Audit
P5_CYC_REP_C03_Q01,2,P5,P5-CYC-REP,P5-CYC-REP-C03,What is pollination?,The fusion of male and female reproductive cells.,The transfer of pollen grains from an anther to a stigma.,The development of a seed into a young plant.,The scattering of seeds away from the parent plant.,B,Pollination is the transfer of pollen from anther to stigma.,Direct concept,,,Topic,Approved,"Assessment-focused rebuild aligned to official LO_ID and scope notes in the P3–P6 Standard Science Curriculum Mastery Map. Standard Bank v1: audited against the MOE Primary Science Syllabus and uploaded TLGs for curriculum scope, age-appropriate language and diagnostic quality. Standard Bank v1: MOE age/scope audit 2026-09-05.",,0,,2026-09-01,2026-09-05,Sci Diagnostic MOE Scope & Language Audit
P5_CYC_REP_C03_Q02,2,P5,P5-CYC-REP,P5-CYC-REP-C03,"After fertilisation in a flowering plant, which change occurs?",Ovules become pollen grains and the ovary becomes a root.,The stigma becomes a seed and the anther becomes a fruit.,Ovules develop into seeds and the ovary develops into a fruit.,The petals become roots and the ovules disappear.,C,"After fertilisation, ovules form seeds and the ovary develops into a fruit.",Application,,,Pre-WA,Approved,"Assessment-focused rebuild aligned to official LO_ID and scope notes in the P3–P6 Standard Science Curriculum Mastery Map. Standard Bank v1: audited against the MOE Primary Science Syllabus and uploaded TLGs for curriculum scope, age-appropriate language and diagnostic quality. Standard Bank v1: MOE age/scope audit 2026-09-05.",,0,,2026-09-01,2026-09-05,Sci Diagnostic MOE Scope & Language Audit
P5_CYC_REP_C03_Q03,2,P5,P5-CYC-REP,P5-CYC-REP-C03,A pupil says pollination and fertilisation are the same process. Which correction is best?,Pollination happens only after a seed germinates.,Fertilisation means scattering seeds away from the parent.,Both terms mean a fruit has become ripe.,Pollination is pollen transfer; fertilisation is the fusion of male and female reproductive cells.,D,The processes are related but distinct: transfer occurs before fusion.,Misconception probe,,,EOY,Approved,"Assessment-focused rebuild aligned to official LO_ID and scope notes in the P3–P6 Standard Science Curriculum Mastery Map. Standard Bank v1: audited against the MOE Primary Science Syllabus and uploaded TLGs for curriculum scope, age-appropriate language and diagnostic quality. Standard Bank v1: MOE age/scope audit 2026-09-05.",,0,,2026-09-01,2026-09-05,Sci Diagnostic MOE Scope & Language Audit
P5_CYC_REP_C03_Q04,2,P5,P5-CYC-REP,P5-CYC-REP-C03,Why is seed dispersal useful to a flowering plant?,It reduces overcrowding and competition between the parent and young plants.,It guarantees every seed will germinate.,It allows seeds to make food before they have leaves.,It prevents all animals from eating fruits.,A,Dispersal spreads seeds away from the parent and can reduce competition for resources.,Application,,,Any,Approved,"Assessment-focused rebuild aligned to official LO_ID and scope notes in the P3–P6 Standard Science Curriculum Mastery Map. Standard Bank v1: audited against the MOE Primary Science Syllabus and uploaded TLGs for curriculum scope, age-appropriate language and diagnostic quality. Standard Bank v1: MOE age/scope audit 2026-09-05.",,0,,2026-09-01,2026-09-05,Sci Diagnostic MOE Scope & Language Audit
P5_CYC_REP_C04_Q01,2,P5,P5-CYC-REP,P5-CYC-REP-C04,What is fertilisation in human reproduction?,The production of an egg in the ovary.,The fusion of a sperm with an egg.,The growth of a baby in the womb.,The movement of food through the digestive system.,B,Human fertilisation occurs when a sperm fuses with an egg.,Direct concept,,,Topic,Approved,"Assessment-focused rebuild aligned to official LO_ID and scope notes in the P3–P6 Standard Science Curriculum Mastery Map. Standard Bank v1: audited against the MOE Primary Science Syllabus and uploaded TLGs for curriculum scope, age-appropriate language and diagnostic quality. Standard Bank v1: MOE age/scope audit 2026-09-05.",,0,,2026-09-01,2026-09-05,Sci Diagnostic MOE Scope & Language Audit
P5_CYC_REP_C04_Q02,3,P5,P5-CYC-REP,P5-CYC-REP-C04,Which parts produce sperms and which parts produce eggs?,Testes produce eggs; ovaries produce sperms.,The womb produces both sperms and eggs.,Testes produce sperms; ovaries produce eggs.,The lungs produce sperms; the heart produces eggs.,C,Testes produce sperms and ovaries produce eggs.,Application,,,Pre-WA,Approved,"Assessment-focused rebuild aligned to official LO_ID and scope notes in the P3–P6 Standard Science Curriculum Mastery Map. Standard Bank v1: audited against the MOE Primary Science Syllabus and uploaded TLGs for curriculum scope, age-appropriate language and diagnostic quality. Standard Bank v1: MOE age/scope audit 2026-09-05.",,0,,2026-09-01,2026-09-05,Sci Diagnostic MOE Scope & Language Audit
P5_CYC_REP_C04_Q03,2,P5,P5-CYC-REP,P5-CYC-REP-C04,A pupil says the womb produces eggs. Which correction is correct?,The womb produces both eggs and sperms.,The testes produce eggs.,The womb has no role after fertilisation.,The ovaries produce eggs; the womb is where the fertilised egg develops.,D,"Eggs are produced by the ovaries, while the fertilised egg develops in the womb.",Misconception probe,,,EOY,Approved,"Assessment-focused rebuild aligned to official LO_ID and scope notes in the P3–P6 Standard Science Curriculum Mastery Map. Standard Bank v1: audited against the MOE Primary Science Syllabus and uploaded TLGs for curriculum scope, age-appropriate language and diagnostic quality. Standard Bank v1: MOE age/scope audit 2026-09-05.",,0,,2026-09-01,2026-09-05,Sci Diagnostic MOE Scope & Language Audit
P5_CYC_REP_C04_Q04,2,P5,P5-CYC-REP,P5-CYC-REP-C04,What happens after a human egg is successfully fertilised and development continues normally?,The fertilised egg develops in the womb.,It develops inside the lungs.,It becomes a sperm cell.,It immediately leaves the body as an egg.,A,The fertilised egg develops in the womb.,Application,,,Any,Approved,"Assessment-focused rebuild aligned to official LO_ID and scope notes in the P3–P6 Standard Science Curriculum Mastery Map. Standard Bank v1: audited against the MOE Primary Science Syllabus and uploaded TLGs for curriculum scope, age-appropriate language and diagnostic quality. Standard Bank v1: MOE age/scope audit 2026-09-05.",,0,,2026-09-01,2026-09-05,Sci Diagnostic MOE Scope & Language Audit
P5_CYC_REP_C05_Q01,2,P5,P5-CYC-REP,P5-CYC-REP-C05,What is a key similarity between sexual reproduction in flowering plants and humans?,Both require seed dispersal.,Both involve the fusion of male and female reproductive cells.,Both produce pollen grains.,Both always take place inside a flower.,B,Fertilisation in both cases is the fusion of male and female reproductive cells.,Direct concept,,,Topic,Approved,"Assessment-focused rebuild aligned to official LO_ID and scope notes in the P3–P6 Standard Science Curriculum Mastery Map. Standard Bank v1: audited against the MOE Primary Science Syllabus and uploaded TLGs for curriculum scope, age-appropriate language and diagnostic quality. Standard Bank v1: MOE age/scope audit 2026-09-05.",,0,,2026-09-01,2026-09-05,Sci Diagnostic MOE Scope & Language Audit
P5_CYC_REP_C05_Q02,3,P5,P5-CYC-REP,P5-CYC-REP-C05,"In a flower, pollen carries the male reproductive cell. Which human cell has a similar reproductive role?",Egg,Red blood cell,Sperm,Skin cell,C,"Pollen grains carry male reproductive cells in flowering plants, while sperm is the male reproductive cell in humans.",Application,,,Pre-WA,Approved,"Assessment-focused rebuild aligned to official LO_ID and scope notes in the P3–P6 Standard Science Curriculum Mastery Map. Standard Bank v1: audited against the MOE Primary Science Syllabus and uploaded TLGs for curriculum scope, age-appropriate language and diagnostic quality. Standard Bank v1: MOE age/scope audit 2026-09-05.",,0,,2026-09-01,2026-09-05,Sci Diagnostic MOE Scope & Language Audit
P5_CYC_REP_C05_Q03,3,P5,P5-CYC-REP,P5-CYC-REP-C05,A pupil says plant and human fertilisation are completely different because one involves flowers and the other does not. Which response is best?,They are completely unrelated processes.,Both processes require seeds.,Both processes happen only after birth.,"The body parts involved differ, but both processes involve fusion of male and female reproductive cells.",D,The key similarity is the fusion of male and female reproductive cells.,Misconception probe,,,EOY,Approved,"Assessment-focused rebuild aligned to official LO_ID and scope notes in the P3–P6 Standard Science Curriculum Mastery Map. Standard Bank v1: audited against the MOE Primary Science Syllabus and uploaded TLGs for curriculum scope, age-appropriate language and diagnostic quality. Standard Bank v1: MOE age/scope audit 2026-09-05.",,0,,2026-09-01,2026-09-05,Sci Diagnostic MOE Scope & Language Audit
P5_CYC_REP_C05_Q04,2,P5,P5-CYC-REP,P5-CYC-REP-C05,Which pair plays comparable roles in producing female reproductive cells?,"The ovary of a flower contains ovules with female reproductive cells, while human ovaries produce eggs.",Petals and lungs,Stems and the heart,Roots and the stomach,A,Both reproductive systems include structures associated with female reproductive cells.,Application,,,Any,Approved,"Assessment-focused rebuild aligned to official LO_ID and scope notes in the P3–P6 Standard Science Curriculum Mastery Map. Standard Bank v1: audited against the MOE Primary Science Syllabus and uploaded TLGs for curriculum scope, age-appropriate language and diagnostic quality. Standard Bank v1: MOE age/scope audit 2026-09-05.",,0,,2026-09-01,2026-09-05,Sci Diagnostic MOE Scope & Language Audit
P5_CYC_REP_P01_Q01,2,P5,P5-CYC-REP,P5-CYC-REP-P01,A pupil finds brown structures under a fern leaf and later observes tiny new ferns growing nearby. Which method of reproduction is being investigated?,Reproduction by seeds only,Reproduction by spores,Reproduction by flowers only,Reproduction by fruit dispersal only,B,Ferns are examples of plants that reproduce by spores.,Application,,,Topic,Approved,"Assessment-focused rebuild aligned to official LO_ID and scope notes in the P3–P6 Standard Science Curriculum Mastery Map. Standard Bank v1: audited against the MOE Primary Science Syllabus and uploaded TLGs for curriculum scope, age-appropriate language and diagnostic quality. Standard Bank v1: MOE age/scope audit 2026-09-05.",,0,,2026-09-01,2026-09-05,Sci Diagnostic MOE Scope & Language Audit
P5_CYC_REP_P01_Q02,2,P5,P5-CYC-REP,P5-CYC-REP-P01,Which comparison best helps investigate two ways in which plants reproduce?,Compare two plastic plants.,Compare only the colour of two flower pots.,Observe a seed-producing flowering plant and a spore-producing fern.,Observe one plant for one minute and record only its height.,C,Comparing seed and spore producers provides evidence for different plant reproductive methods.,Application,,,Pre-WA,Approved,"Assessment-focused rebuild aligned to official LO_ID and scope notes in the P3–P6 Standard Science Curriculum Mastery Map. Standard Bank v1: audited against the MOE Primary Science Syllabus and uploaded TLGs for curriculum scope, age-appropriate language and diagnostic quality. Standard Bank v1: MOE age/scope audit 2026-09-05.",,0,,2026-09-01,2026-09-05,Sci Diagnostic MOE Scope & Language Audit
P5_CYC_REP_P01_Q03,2,P5,P5-CYC-REP,P5-CYC-REP-P01,A pupil says every plant must produce seeds. Which observation would challenge this idea?,A bean plant produces seeds.,A fruit contains seeds.,A flowering plant grows from a seed.,A fern produces spores but no seeds.,D,"Some plants, such as ferns, reproduce using spores instead of seeds.",Misconception probe,,,EOY,Approved,"Assessment-focused rebuild aligned to official LO_ID and scope notes in the P3–P6 Standard Science Curriculum Mastery Map. Standard Bank v1: audited against the MOE Primary Science Syllabus and uploaded TLGs for curriculum scope, age-appropriate language and diagnostic quality. Standard Bank v1: MOE age/scope audit 2026-09-05.",,0,,2026-09-01,2026-09-05,Sci Diagnostic MOE Scope & Language Audit
P5_CYC_WATER_C01_Q01,2,P5,P5-CYC-WATER,P5-CYC-WATER-C01,Which list gives the three states in which water can exist?,"Ice, liquid water and water vapour","Ice, mist and cloud only","Rain, river water and sea water","Water vapour, smoke and air",A,"Water can exist as solid ice, liquid water and gaseous water vapour.",Direct concept,,,Topic,Approved,"Assessment-focused rebuild aligned to official LO_ID and scope notes in the P3–P6 Standard Science Curriculum Mastery Map. Standard Bank v1: audited against the MOE Primary Science Syllabus and uploaded TLGs for curriculum scope, age-appropriate language and diagnostic quality. Standard Bank v1: MOE age/scope audit 2026-09-05.",,0,,2026-09-01,2026-09-05,Sci Diagnostic MOE Scope & Language Audit
P5_CYC_WATER_C01_Q02,2,P5,P5-CYC-WATER,P5-CYC-WATER-C01,Water vapour in the air cools and becomes droplets on a cold surface. Which two states of water are involved?,Solid changing to liquid,Gas changing to liquid,Liquid changing to solid,Solid changing directly to gas in the syllabus model,B,Water vapour is the gas state and droplets are the liquid state.,Application,,,Pre-WA,Approved,"Assessment-focused rebuild aligned to official LO_ID and scope notes in the P3–P6 Standard Science Curriculum Mastery Map. Standard Bank v1: audited against the MOE Primary Science Syllabus and uploaded TLGs for curriculum scope, age-appropriate language and diagnostic quality. Standard Bank v1: MOE age/scope audit 2026-09-05.",,0,,2026-09-01,2026-09-05,Sci Diagnostic MOE Scope & Language Audit
P5_CYC_WATER_C01_Q03,2,P5,P5-CYC-WATER,P5-CYC-WATER-C01,A pupil points to a visible white cloud above boiling water and calls it water vapour. What is the better description?,Water vapour is always white and visible.,The white cloud is solid ice.,The visible cloud is tiny liquid water droplets; water vapour itself is invisible.,Water vapour can exist only at 100°C.,C,Water vapour is invisible; the visible cloud forms when vapour cools and condenses into tiny droplets.,Misconception probe,,,EOY,Approved,"Assessment-focused rebuild aligned to official LO_ID and scope notes in the P3–P6 Standard Science Curriculum Mastery Map. Standard Bank v1: audited against the MOE Primary Science Syllabus and uploaded TLGs for curriculum scope, age-appropriate language and diagnostic quality. Standard Bank v1: MOE age/scope audit 2026-09-05.",,0,,2026-09-01,2026-09-05,Sci Diagnostic MOE Scope & Language Audit
P5_CYC_WATER_C01_Q04,2,P5,P5-CYC-WATER,P5-CYC-WATER-C01,Which example contains water in the solid state?,Steam from boiling water,Rainwater in a cup,Water vapour in air,An ice cube,D,Ice is solid water.,Application,,,Any,Approved,"Assessment-focused rebuild aligned to official LO_ID and scope notes in the P3–P6 Standard Science Curriculum Mastery Map. Standard Bank v1: audited against the MOE Primary Science Syllabus and uploaded TLGs for curriculum scope, age-appropriate language and diagnostic quality. Standard Bank v1: MOE age/scope audit 2026-09-05.",,0,,2026-09-01,2026-09-05,Sci Diagnostic MOE Scope & Language Audit
P5_CYC_WATER_C02_Q01,2,P5,P5-CYC-WATER,P5-CYC-WATER-C02,What change of state occurs when ice gains heat and becomes liquid water?,Melting,Freezing,Condensation,Evaporation,A,Melting is the change from solid water to liquid water.,Direct concept,,,Topic,Approved,"Assessment-focused rebuild aligned to official LO_ID and scope notes in the P3–P6 Standard Science Curriculum Mastery Map. Standard Bank v1: audited against the MOE Primary Science Syllabus and uploaded TLGs for curriculum scope, age-appropriate language and diagnostic quality. Standard Bank v1: MOE age/scope audit 2026-09-05.",,0,,2026-09-01,2026-09-05,Sci Diagnostic MOE Scope & Language Audit
P5_CYC_WATER_C02_Q02,2,P5,P5-CYC-WATER,P5-CYC-WATER-C02,Water droplets form on the outside of a cold bottle. Which process caused the droplets?,Water leaking through the bottle wall,Condensation of water vapour from the surrounding air,Freezing of the bottle,Boiling of water inside the bottle,B,Water vapour in the air loses heat at the cold surface and condenses into liquid droplets.,Application,,,Pre-WA,Approved,"Assessment-focused rebuild aligned to official LO_ID and scope notes in the P3–P6 Standard Science Curriculum Mastery Map. Standard Bank v1: audited against the MOE Primary Science Syllabus and uploaded TLGs for curriculum scope, age-appropriate language and diagnostic quality. Standard Bank v1: MOE age/scope audit 2026-09-05.",,0,,2026-09-01,2026-09-05,Sci Diagnostic MOE Scope & Language Audit
P5_CYC_WATER_C02_Q03,2,P5,P5-CYC-WATER,P5-CYC-WATER-C02,A puddle becomes smaller on a warm day even though it never boils. How can this happen?,Water can become gas only at 100°C.,The ground must have destroyed the water.,Evaporation can occur below the boiling point.,Condensation removes liquid water from the puddle.,C,Evaporation occurs at the surface over a range of temperatures.,Misconception probe,,,EOY,Approved,"Assessment-focused rebuild aligned to official LO_ID and scope notes in the P3–P6 Standard Science Curriculum Mastery Map. Standard Bank v1: audited against the MOE Primary Science Syllabus and uploaded TLGs for curriculum scope, age-appropriate language and diagnostic quality. Standard Bank v1: MOE age/scope audit 2026-09-05.",,0,,2026-09-01,2026-09-05,Sci Diagnostic MOE Scope & Language Audit
P5_CYC_WATER_C02_Q04,2,P5,P5-CYC-WATER,P5-CYC-WATER-C02,Liquid water is placed in a freezer until it becomes ice. What change has occurred?,Melting,Boiling,Condensation,Freezing,D,Freezing is the change from liquid water to solid ice.,Application,,,Any,Approved,"Assessment-focused rebuild aligned to official LO_ID and scope notes in the P3–P6 Standard Science Curriculum Mastery Map. Standard Bank v1: audited against the MOE Primary Science Syllabus and uploaded TLGs for curriculum scope, age-appropriate language and diagnostic quality. Standard Bank v1: MOE age/scope audit 2026-09-05.",,0,,2026-09-01,2026-09-05,Sci Diagnostic MOE Scope & Language Audit
P5_CYC_WATER_C03_Q01,2,P5,P5-CYC-WATER,P5-CYC-WATER-C03,What is the melting point of pure ice?,0°C,25°C,50°C,100°C,A,Pure ice melts at 0°C under the conditions used in the primary syllabus.,Direct concept,,,Topic,Approved,"Assessment-focused rebuild aligned to official LO_ID and scope notes in the P3–P6 Standard Science Curriculum Mastery Map. Standard Bank v1: audited against the MOE Primary Science Syllabus and uploaded TLGs for curriculum scope, age-appropriate language and diagnostic quality. Standard Bank v1: MOE age/scope audit 2026-09-05.",,0,,2026-09-01,2026-09-05,Sci Diagnostic MOE Scope & Language Audit
P5_CYC_WATER_C03_Q02,2,P5,P5-CYC-WATER,P5-CYC-WATER-C03,Pure water is boiling at its boiling point. What temperature should a thermometer read?,0°C,100°C,50°C,200°C,B,The boiling point of pure water is 100°C under the conditions used in the primary syllabus.,Application,,,Pre-WA,Approved,"Assessment-focused rebuild aligned to official LO_ID and scope notes in the P3–P6 Standard Science Curriculum Mastery Map. Standard Bank v1: audited against the MOE Primary Science Syllabus and uploaded TLGs for curriculum scope, age-appropriate language and diagnostic quality. Standard Bank v1: MOE age/scope audit 2026-09-05.",,0,,2026-09-01,2026-09-05,Sci Diagnostic MOE Scope & Language Audit
P5_CYC_WATER_C03_Q03,2,P5,P5-CYC-WATER,P5-CYC-WATER-C03,A pupil says ice melts only when the surrounding air reaches 100°C. Which correction is correct?,Ice melts at 100°C and water boils at 0°C.,Both melting and boiling occur only at 50°C.,"Ice melts at 0°C, while water boils at 100°C.",Melting point and boiling point mean the same thing.,C,The melting/freezing point is 0°C; the boiling point is 100°C.,Misconception probe,,,EOY,Approved,"Assessment-focused rebuild aligned to official LO_ID and scope notes in the P3–P6 Standard Science Curriculum Mastery Map. Standard Bank v1: audited against the MOE Primary Science Syllabus and uploaded TLGs for curriculum scope, age-appropriate language and diagnostic quality. Standard Bank v1: MOE age/scope audit 2026-09-05.",,0,,2026-09-01,2026-09-05,Sci Diagnostic MOE Scope & Language Audit
P5_CYC_WATER_C03_Q04,2,P5,P5-CYC-WATER,P5-CYC-WATER-C03,A sample of pure liquid water is cooled to its freezing point. At what temperature does freezing begin?,10°C,75°C,100°C,0°C,D,The freezing point of pure water is 0°C.,Application,,,Any,Approved,"Assessment-focused rebuild aligned to official LO_ID and scope notes in the P3–P6 Standard Science Curriculum Mastery Map. Standard Bank v1: audited against the MOE Primary Science Syllabus and uploaded TLGs for curriculum scope, age-appropriate language and diagnostic quality. Standard Bank v1: MOE age/scope audit 2026-09-05.",,0,,2026-09-01,2026-09-05,Sci Diagnostic MOE Scope & Language Audit
P5_CYC_WATER_C04_Q01,3,P5,P5-CYC-WATER,P5-CYC-WATER-C04,Which two processes are central to the water cycle between the Earth’s surface and the air?,Evaporation and condensation,Melting and freezing,Boiling and melting,Freezing and condensation,A,"Evaporation moves water into the air as vapour, and condensation forms droplets in clouds.",Direct concept,,,Topic,Approved,"Assessment-focused rebuild aligned to official LO_ID and scope notes in the P3–P6 Standard Science Curriculum Mastery Map. Standard Bank v1: audited against the MOE Primary Science Syllabus and uploaded TLGs for curriculum scope, age-appropriate language and diagnostic quality. Standard Bank v1: MOE age/scope audit 2026-09-05.",,0,,2026-09-01,2026-09-05,Sci Diagnostic MOE Scope & Language Audit
P5_CYC_WATER_C04_Q02,2,P5,P5-CYC-WATER,P5-CYC-WATER-C04,"After water evaporates from the sea, what must happen before cloud droplets can form?",Water vapour freezes immediately at sea level.,Water vapour cools and condenses.,Liquid water turns into soil.,Clouds absorb water directly from plants only.,B,Cooling causes water vapour to condense into tiny liquid droplets.,Application,,,Pre-WA,Approved,"Assessment-focused rebuild aligned to official LO_ID and scope notes in the P3–P6 Standard Science Curriculum Mastery Map. Standard Bank v1: audited against the MOE Primary Science Syllabus and uploaded TLGs for curriculum scope, age-appropriate language and diagnostic quality. Standard Bank v1: MOE age/scope audit 2026-09-05.",,0,,2026-09-01,2026-09-05,Sci Diagnostic MOE Scope & Language Audit
P5_CYC_WATER_C04_Q03,3,P5,P5-CYC-WATER,P5-CYC-WATER-C04,A pupil says clouds are bags filled only with invisible water vapour. Which correction is best?,Clouds contain no water.,Clouds are made only of smoke.,Clouds contain tiny water droplets formed after condensation.,Water vapour becomes visible without changing state.,C,Visible clouds form when water vapour loses heat and condenses into tiny water droplets.,Misconception probe,,,EOY,Approved,"Assessment-focused rebuild aligned to official LO_ID and scope notes in the P3–P6 Standard Science Curriculum Mastery Map. Standard Bank v1: audited against the MOE Primary Science Syllabus and uploaded TLGs for curriculum scope, age-appropriate language and diagnostic quality. Standard Bank v1: MOE age/scope audit 2026-09-05.",,0,,2026-09-01,2026-09-05,Sci Diagnostic MOE Scope & Language Audit
P5_CYC_WATER_C04_Q04,3,P5,P5-CYC-WATER,P5-CYC-WATER-C04,Which process changes water on a wet road into water vapour in the air after rain?,Condensation,Freezing,Melting,Evaporation,D,Liquid water on the road can evaporate and become water vapour in the air.,Application,,,Any,Approved,"Assessment-focused rebuild aligned to official LO_ID and scope notes in the P3–P6 Standard Science Curriculum Mastery Map. Standard Bank v1: audited against the MOE Primary Science Syllabus and uploaded TLGs for curriculum scope, age-appropriate language and diagnostic quality. Standard Bank v1: MOE age/scope audit 2026-09-05.",,0,,2026-09-01,2026-09-05,Sci Diagnostic MOE Scope & Language Audit
P5_CYC_WATER_C05_Q01,2,P5,P5-CYC-WATER,P5-CYC-WATER-C05,Why is the water cycle important to living things?,It continually moves and replenishes water in the environment.,It removes all water from the land.,It prevents water from ever changing state.,It makes all seawater directly drinkable.,A,The water cycle circulates water and helps maintain supplies of fresh water in the environment.,Direct concept,,,Topic,Approved,"Assessment-focused rebuild aligned to official LO_ID and scope notes in the P3–P6 Standard Science Curriculum Mastery Map. Standard Bank v1: audited against the MOE Primary Science Syllabus and uploaded TLGs for curriculum scope, age-appropriate language and diagnostic quality. Standard Bank v1: MOE age/scope audit 2026-09-05.",,0,,2026-09-01,2026-09-05,Sci Diagnostic MOE Scope & Language Audit
P5_CYC_WATER_C05_Q02,3,P5,P5-CYC-WATER,P5-CYC-WATER-C05,A place receives rain after water evaporates from the sea and later condenses in the air. What role of the water cycle does this show?,It destroys water after evaporation.,It moves water from one place to another.,It keeps all water permanently in the ocean.,It prevents clouds from forming.,B,"The water cycle moves water between the sea, air and land.",Application,,,Pre-WA,Approved,"Assessment-focused rebuild aligned to official LO_ID and scope notes in the P3–P6 Standard Science Curriculum Mastery Map. Standard Bank v1: audited against the MOE Primary Science Syllabus and uploaded TLGs for curriculum scope, age-appropriate language and diagnostic quality. Standard Bank v1: MOE age/scope audit 2026-09-05.",,0,,2026-09-01,2026-09-05,Sci Diagnostic MOE Scope & Language Audit
P5_CYC_WATER_C05_Q03,2,P5,P5-CYC-WATER,P5-CYC-WATER-C05,A pupil says water is used up permanently whenever plants and animals use it. Which idea helps correct this?,Water can never change state.,Living things create all new water from nothing.,Water is continually cycled through the environment.,Only seawater takes part in the water cycle.,C,Water moves through repeated processes in the water cycle rather than being permanently removed.,Misconception probe,,,EOY,Approved,"Assessment-focused rebuild aligned to official LO_ID and scope notes in the P3–P6 Standard Science Curriculum Mastery Map. Standard Bank v1: audited against the MOE Primary Science Syllabus and uploaded TLGs for curriculum scope, age-appropriate language and diagnostic quality. Standard Bank v1: MOE age/scope audit 2026-09-05.",,0,,2026-09-01,2026-09-05,Sci Diagnostic MOE Scope & Language Audit
P5_CYC_WATER_C05_Q04,3,P5,P5-CYC-WATER,P5-CYC-WATER-C05,Which statement best explains why rainfall can replenish rivers and reservoirs?,Rivers make rain directly without evaporation.,Reservoirs turn soil into water.,Clouds obtain water only from drinking water.,"Water evaporates, condenses to form clouds and later returns to land as rain.",D,The water cycle returns water from the air to land as rain.,Application,,,Any,Approved,"Assessment-focused rebuild aligned to official LO_ID and scope notes in the P3–P6 Standard Science Curriculum Mastery Map. Standard Bank v1: audited against the MOE Primary Science Syllabus and uploaded TLGs for curriculum scope, age-appropriate language and diagnostic quality. Standard Bank v1: MOE age/scope audit 2026-09-05.",,0,,2026-09-01,2026-09-05,Sci Diagnostic MOE Scope & Language Audit
P5_CYC_WATER_C06_Q01,2,P5,P5-CYC-WATER,P5-CYC-WATER-C06,Why is water important to plants?,It is needed for life processes and transport of substances within the plant.,It replaces the need for light.,It is the plant’s only source of food.,It turns roots into leaves.,A,Plants need water for life processes and to transport dissolved substances.,Direct concept,,,Topic,Approved,"Assessment-focused rebuild aligned to official LO_ID and scope notes in the P3–P6 Standard Science Curriculum Mastery Map. Standard Bank v1: audited against the MOE Primary Science Syllabus and uploaded TLGs for curriculum scope, age-appropriate language and diagnostic quality. Standard Bank v1: MOE age/scope audit 2026-09-05.",,0,,2026-09-01,2026-09-05,Sci Diagnostic MOE Scope & Language Audit
P5_CYC_WATER_C06_Q02,3,P5,P5-CYC-WATER,P5-CYC-WATER-C06,A person has too little water in the body. Which body function can be affected?,The skeleton immediately disappears.,Transport of dissolved substances in the blood becomes more difficult.,The lungs stop containing air because water changes into bone.,Food can no longer contain energy.,B,Water helps blood carry substances around the body.,Application,,,Pre-WA,Approved,"Assessment-focused rebuild aligned to official LO_ID and scope notes in the P3–P6 Standard Science Curriculum Mastery Map. Standard Bank v1: audited against the MOE Primary Science Syllabus and uploaded TLGs for curriculum scope, age-appropriate language and diagnostic quality. Standard Bank v1: MOE age/scope audit 2026-09-05.",,0,,2026-09-01,2026-09-05,Sci Diagnostic MOE Scope & Language Audit
P5_CYC_WATER_C06_Q03,2,P5,P5-CYC-WATER,P5-CYC-WATER-C06,A pupil says plants absorb food from the soil with water. Which correction is best?,Soil is the plant’s food.,Water changes directly into food without other processes.,"Plants absorb water and mineral salts from the soil, but make their own food.",Plants do not need water once they have leaves.,C,Water and mineral salts are absorbed from soil; food is made by the plant.,Misconception probe,,,EOY,Approved,"Assessment-focused rebuild aligned to official LO_ID and scope notes in the P3–P6 Standard Science Curriculum Mastery Map. Standard Bank v1: audited against the MOE Primary Science Syllabus and uploaded TLGs for curriculum scope, age-appropriate language and diagnostic quality. Standard Bank v1: MOE age/scope audit 2026-09-05.",,0,,2026-09-01,2026-09-05,Sci Diagnostic MOE Scope & Language Audit
P5_CYC_WATER_C06_Q04,3,P5,P5-CYC-WATER,P5-CYC-WATER-C06,Why is water in blood useful for transport?,Water turns oxygen into a solid.,Water makes blood stop moving.,Water prevents any waste from entering blood.,Many substances can be carried dissolved in the watery part of blood.,D,Many substances can dissolve in water and be carried in blood.,Application,,,Any,Approved,"Assessment-focused rebuild aligned to official LO_ID and scope notes in the P3–P6 Standard Science Curriculum Mastery Map. Standard Bank v1: audited against the MOE Primary Science Syllabus and uploaded TLGs for curriculum scope, age-appropriate language and diagnostic quality. Standard Bank v1: MOE age/scope audit 2026-09-05.",,0,,2026-09-01,2026-09-05,Sci Diagnostic MOE Scope & Language Audit
P5_CYC_WATER_C07_Q01,3,P5,P5-CYC-WATER,P5-CYC-WATER-C07,What is one effect of water pollution?,It can harm organisms living in water and make water less suitable for use.,It always increases the amount of clean fresh water.,It prevents any evaporation from oceans.,It makes all polluted water safe to drink.,A,Pollution can harm living things and make water less suitable for use.,Direct concept,,,Topic,Approved,"Assessment-focused rebuild aligned to official LO_ID and scope notes in the P3–P6 Standard Science Curriculum Mastery Map. Standard Bank v1: audited against the MOE Primary Science Syllabus and uploaded TLGs for curriculum scope, age-appropriate language and diagnostic quality. Standard Bank v1: MOE age/scope audit 2026-09-05.",,0,,2026-09-01,2026-09-05,Sci Diagnostic MOE Scope & Language Audit
P5_CYC_WATER_C07_Q02,3,P5,P5-CYC-WATER,P5-CYC-WATER-C07,Oil enters a pond and forms a layer on the surface. Which outcome is most likely?,The pond becomes a cleaner source of drinking water.,Organisms in the pond may be harmed as water conditions change.,All pollution disappears immediately.,The oil increases the amount of oxygen available to every organism.,B,Oil pollution can change water conditions and harm organisms living in the pond.,Application,,,Pre-WA,Approved,"Assessment-focused rebuild aligned to official LO_ID and scope notes in the P3–P6 Standard Science Curriculum Mastery Map. Standard Bank v1: audited against the MOE Primary Science Syllabus and uploaded TLGs for curriculum scope, age-appropriate language and diagnostic quality. Standard Bank v1: MOE age/scope audit 2026-09-05.",,0,,2026-09-01,2026-09-05,Sci Diagnostic MOE Scope & Language Audit
P5_CYC_WATER_C07_Q03,3,P5,P5-CYC-WATER,P5-CYC-WATER-C07,A pupil says rubbish thrown into a river affects only the appearance of the river. Which response is better?,Appearance is the only possible effect.,Rubbish always improves habitats for living things in the water.,Pollution can also harm organisms and make water less suitable for use.,Polluted water automatically cleans itself immediately.,C,Water pollution can harm living things and reduce the amount of water suitable for use.,Misconception probe,,,EOY,Approved,"Assessment-focused rebuild aligned to official LO_ID and scope notes in the P3–P6 Standard Science Curriculum Mastery Map. Standard Bank v1: audited against the MOE Primary Science Syllabus and uploaded TLGs for curriculum scope, age-appropriate language and diagnostic quality. Standard Bank v1: MOE age/scope audit 2026-09-05.",,0,,2026-09-01,2026-09-05,Sci Diagnostic MOE Scope & Language Audit
P5_CYC_WATER_C07_Q04,2,P5,P5-CYC-WATER,P5-CYC-WATER-C07,Which action is most likely to reduce water pollution?,Pour leftover paint into a canal.,Leave plastic waste beside a stream.,Wash oil directly into a roadside drain.,Dispose of chemicals properly instead of pouring them into drains or rivers.,D,Keeping harmful substances out of waterways reduces pollution.,Application,,,Any,Approved,"Assessment-focused rebuild aligned to official LO_ID and scope notes in the P3–P6 Standard Science Curriculum Mastery Map. Standard Bank v1: audited against the MOE Primary Science Syllabus and uploaded TLGs for curriculum scope, age-appropriate language and diagnostic quality. Standard Bank v1: MOE age/scope audit 2026-09-05.",,0,,2026-09-01,2026-09-05,Sci Diagnostic MOE Scope & Language Audit
P5_CYC_WATER_P01_Q01,2,P5,P5-CYC-WATER,P5-CYC-WATER-P01,Which comparison of the three states of water is correct?,"Ice has a definite shape, liquid water takes the shape of its container, and water vapour spreads to fill available space.",All three have a definite shape.,Only water vapour has a definite shape.,Liquid water has no definite volume while ice does.,A,The states differ in shape and how they occupy space.,Application,,,Topic,Approved,"Assessment-focused rebuild aligned to official LO_ID and scope notes in the P3–P6 Standard Science Curriculum Mastery Map. Standard Bank v1: audited against the MOE Primary Science Syllabus and uploaded TLGs for curriculum scope, age-appropriate language and diagnostic quality. Standard Bank v1: MOE age/scope audit 2026-09-05.",,0,,2026-09-01,2026-09-05,Sci Diagnostic MOE Scope & Language Audit
P5_CYC_WATER_P01_Q02,3,P5,P5-CYC-WATER,P5-CYC-WATER-P01,"A pupil compares equal amounts of ice, liquid water and water vapour. Which observation shows that water vapour is different from the other two?",The gas is the only state with mass.,The gas has no definite volume and spreads through its container.,The gas always has a definite shape.,The gas cannot occupy space.,B,Water vapour is a gas. A gas has no fixed shape or fixed volume.,Application,,,Pre-WA,Approved,"Assessment-focused rebuild aligned to official LO_ID and scope notes in the P3–P6 Standard Science Curriculum Mastery Map. Standard Bank v1: audited against the MOE Primary Science Syllabus and uploaded TLGs for curriculum scope, age-appropriate language and diagnostic quality. Standard Bank v1: MOE age/scope audit 2026-09-05.",,0,,2026-09-01,2026-09-05,Sci Diagnostic MOE Scope & Language Audit
P5_CYC_WATER_P01_Q03,2,P5,P5-CYC-WATER,P5-CYC-WATER-P01,A pupil says water vapour is not water because it cannot be seen. Which response is correct?,Only visible substances can be water.,Water vapour is another name for air.,Water vapour is the gaseous state of water even though it is invisible.,Water stops being matter when it evaporates.,C,Changing state does not change the substance from water to something else.,Misconception probe,,,EOY,Approved,"Assessment-focused rebuild aligned to official LO_ID and scope notes in the P3–P6 Standard Science Curriculum Mastery Map. Standard Bank v1: audited against the MOE Primary Science Syllabus and uploaded TLGs for curriculum scope, age-appropriate language and diagnostic quality. Standard Bank v1: MOE age/scope audit 2026-09-05.",,0,,2026-09-01,2026-09-05,Sci Diagnostic MOE Scope & Language Audit
P5_CYC_WATER_P02_Q01,2,P5,P5-CYC-WATER,P5-CYC-WATER-P02,Ice at 0°C is heated while it is melting. What happens to its temperature until all the ice has melted?,It immediately rises to 100°C.,It falls below 0°C.,It changes randomly because temperature is unrelated to heat.,It remains at about 0°C.,D,"During melting, heat is used for the change of state and the temperature remains at the melting point until melting is complete.",Application,,,Topic,Approved,"Assessment-focused rebuild aligned to official LO_ID and scope notes in the P3–P6 Standard Science Curriculum Mastery Map. Standard Bank v1: audited against the MOE Primary Science Syllabus and uploaded TLGs for curriculum scope, age-appropriate language and diagnostic quality. Standard Bank v1: MOE age/scope audit 2026-09-05.",,0,,2026-09-01,2026-09-05,Sci Diagnostic MOE Scope & Language Audit
P5_CYC_WATER_P02_Q02,2,P5,P5-CYC-WATER,P5-CYC-WATER-P02,"Water at 100°C is boiling. If heating continues, what happens while liquid water is still boiling?",Its temperature remains about 100°C while more water changes to gas.,Its temperature must keep rising far above 100°C.,It freezes while being heated.,Its temperature drops immediately to 0°C.,A,"During boiling, the temperature remains at the boiling point while the state changes.",Application,,,Pre-WA,Approved,"Assessment-focused rebuild aligned to official LO_ID and scope notes in the P3–P6 Standard Science Curriculum Mastery Map. Standard Bank v1: audited against the MOE Primary Science Syllabus and uploaded TLGs for curriculum scope, age-appropriate language and diagnostic quality. Standard Bank v1: MOE age/scope audit 2026-09-05.",,0,,2026-09-01,2026-09-05,Sci Diagnostic MOE Scope & Language Audit
P5_CYC_WATER_P02_Q03,2,P5,P5-CYC-WATER,P5-CYC-WATER-P02,A pupil cools steam and sees liquid droplets form. What has happened?,The steam gained heat and melted.,The steam lost heat and condensed to liquid water.,The steam froze directly into ice in every case.,The water was created from nothing.,B,Cooling steam causes condensation from gas to liquid.,Misconception probe,,,EOY,Approved,"Assessment-focused rebuild aligned to official LO_ID and scope notes in the P3–P6 Standard Science Curriculum Mastery Map. Standard Bank v1: audited against the MOE Primary Science Syllabus and uploaded TLGs for curriculum scope, age-appropriate language and diagnostic quality. Standard Bank v1: MOE age/scope audit 2026-09-05.",,0,,2026-09-01,2026-09-05,Sci Diagnostic MOE Scope & Language Audit
P5_CYC_WATER_P03_Q01,2,P5,P5-CYC-WATER,P5-CYC-WATER-P03,"Two equal puddles are placed in similar conditions, but one is spread over a wider area. Which will usually evaporate faster?",The deeper puddle because less water is exposed.,They must evaporate at exactly the same rate.,The wider puddle because it has a larger exposed surface area.,Neither can evaporate below 100°C.,C,A larger exposed surface area increases the rate of evaporation.,Application,,,Topic,Approved,"Assessment-focused rebuild aligned to official LO_ID and scope notes in the P3–P6 Standard Science Curriculum Mastery Map. Standard Bank v1: audited against the MOE Primary Science Syllabus and uploaded TLGs for curriculum scope, age-appropriate language and diagnostic quality. Standard Bank v1: MOE age/scope audit 2026-09-05.",,0,,2026-09-01,2026-09-05,Sci Diagnostic MOE Scope & Language Audit
P5_CYC_WATER_P03_Q02,2,P5,P5-CYC-WATER,P5-CYC-WATER-P03,A pupil wants to test whether wind speed affects evaporation. Which variable should be changed?,Starting volume of water,Container shape,Room temperature,Wind speed,D,A fair test changes wind speed while keeping other relevant factors constant.,Application,,,Pre-WA,Approved,"Assessment-focused rebuild aligned to official LO_ID and scope notes in the P3–P6 Standard Science Curriculum Mastery Map. Standard Bank v1: audited against the MOE Primary Science Syllabus and uploaded TLGs for curriculum scope, age-appropriate language and diagnostic quality. Standard Bank v1: MOE age/scope audit 2026-09-05.",,0,,2026-09-01,2026-09-05,Sci Diagnostic MOE Scope & Language Audit
P5_CYC_WATER_P03_Q03,2,P5,P5-CYC-WATER,P5-CYC-WATER-P03,Two identical wet cloths are placed at the same temperature. One is under a fan and one is not. Which should dry faster?,The cloth under the fan because greater air movement increases evaporation.,The cloth away from the fan because still air always removes more water.,Both must dry at exactly the same rate because temperature is the same.,Neither can dry without boiling.,A,Wind increases the rate of evaporation even when temperature is unchanged.,Misconception probe,,,EOY,Approved,"Assessment-focused rebuild aligned to official LO_ID and scope notes in the P3–P6 Standard Science Curriculum Mastery Map. Standard Bank v1: audited against the MOE Primary Science Syllabus and uploaded TLGs for curriculum scope, age-appropriate language and diagnostic quality. Standard Bank v1: MOE age/scope audit 2026-09-05.",,0,,2026-09-01,2026-09-05,Sci Diagnostic MOE Scope & Language Audit
P5_SYS_PLANT_C01_Q01,2,P5,P5-SYS-PLANT,P5-SYS-PLANT-C01,What is the main role of water-carrying tubes in a plant?,They transport food only from roots to leaves.,They transport water and mineral salts from the roots to other parts.,They pump air using a heart.,They make food inside the stem.,B,Water-carrying tubes move water and dissolved mineral salts through the plant.,Direct concept,,,Topic,Approved,"Assessment-focused rebuild aligned to official LO_ID and scope notes in the P3–P6 Standard Science Curriculum Mastery Map. Standard Bank v1: audited against the MOE Primary Science Syllabus and uploaded TLGs for curriculum scope, age-appropriate language and diagnostic quality. Standard Bank v1: MOE age/scope audit 2026-09-05.",,0,,2026-09-01,2026-09-05,Sci Diagnostic MOE Scope & Language Audit
P5_SYS_PLANT_C01_Q02,2,P5,P5-SYS-PLANT,P5-SYS-PLANT-C01,Food made in a leaf must reach a growing root. Which plant structure carries it?,Water-carrying tubes only,Root hairs outside the plant only,Food-carrying tubes,The flower petals only,C,Food-carrying tubes transport food from leaves to other parts of the plant.,Application,,,Pre-WA,Approved,"Assessment-focused rebuild aligned to official LO_ID and scope notes in the P3–P6 Standard Science Curriculum Mastery Map. Standard Bank v1: audited against the MOE Primary Science Syllabus and uploaded TLGs for curriculum scope, age-appropriate language and diagnostic quality. Standard Bank v1: MOE age/scope audit 2026-09-05.",,0,,2026-09-01,2026-09-05,Sci Diagnostic MOE Scope & Language Audit
P5_SYS_PLANT_C01_Q03,2,P5,P5-SYS-PLANT,P5-SYS-PLANT-C01,A pupil says plants use one set of tubes to carry everything in the same direction. Which correction is best?,Plants have no transport tubes.,Food is absorbed from soil and carried only upward.,Water is made in leaves and carried only downward.,"Plants have different tubes for water and food, and the substances are transported according to where they are needed.",D,Plants have separate water-carrying and food-carrying tubes with different transport roles.,Misconception probe,,,EOY,Approved,"Assessment-focused rebuild aligned to official LO_ID and scope notes in the P3–P6 Standard Science Curriculum Mastery Map. Standard Bank v1: audited against the MOE Primary Science Syllabus and uploaded TLGs for curriculum scope, age-appropriate language and diagnostic quality. Standard Bank v1: MOE age/scope audit 2026-09-05.",,0,,2026-09-01,2026-09-05,Sci Diagnostic MOE Scope & Language Audit
P5_SYS_PLANT_C01_Q04,2,P5,P5-SYS-PLANT,P5-SYS-PLANT-C01,Why do roots need food-carrying tubes even though roots are underground?,Roots are living parts and need food made by leaves.,Roots make all their own food without light.,Food-carrying tubes absorb soil.,Roots do not need energy.,A,Food made in leaves is transported to non-green parts such as roots.,Application,,,Any,Approved,"Assessment-focused rebuild aligned to official LO_ID and scope notes in the P3–P6 Standard Science Curriculum Mastery Map. Standard Bank v1: audited against the MOE Primary Science Syllabus and uploaded TLGs for curriculum scope, age-appropriate language and diagnostic quality. Standard Bank v1: MOE age/scope audit 2026-09-05.",,0,,2026-09-01,2026-09-05,Sci Diagnostic MOE Scope & Language Audit
P5_SYS_PLANT_P01_Q01,2,P5,P5-SYS-PLANT,P5-SYS-PLANT-P01,"A celery stalk is placed in coloured water. After several hours, coloured lines appear up the stem. What does this show?",Food is absorbed from the coloured water.,Water is transported upward through continuous water-carrying tubes.,The colour moves through the air spaces only.,Leaves pump colour into the water.,B,The dye traces the pathway taken by water through the plant.,Application,,,Topic,Approved,"Assessment-focused rebuild aligned to official LO_ID and scope notes in the P3–P6 Standard Science Curriculum Mastery Map. Standard Bank v1: audited against the MOE Primary Science Syllabus and uploaded TLGs for curriculum scope, age-appropriate language and diagnostic quality. Standard Bank v1: MOE age/scope audit 2026-09-05.",,0,,2026-09-01,2026-09-05,Sci Diagnostic MOE Scope & Language Audit
P5_SYS_PLANT_P01_Q02,3,P5,P5-SYS-PLANT,P5-SYS-PLANT-P01,A ring of stem containing food-carrying tubes is removed while the water-carrying tubes are left uncut. Food collects above the cut ring. What does this support?,Water is transported only through the removed tubes.,The stem makes all food at the ring.,Food is transported through the removed tubes from leaves to other parts.,The roots pump food upward through water-carrying tubes.,C,Food collecting above the cut shows that food transport was interrupted in the food-carrying tubes.,Application,,,Pre-WA,Approved,"Assessment-focused rebuild aligned to official LO_ID and scope notes in the P3–P6 Standard Science Curriculum Mastery Map. Standard Bank v1: audited against the MOE Primary Science Syllabus and uploaded TLGs for curriculum scope, age-appropriate language and diagnostic quality. Standard Bank v1: MOE age/scope audit 2026-09-05.",,0,,2026-09-01,2026-09-05,Sci Diagnostic MOE Scope & Language Audit
P5_SYS_PLANT_P01_Q03,2,P5,P5-SYS-PLANT,P5-SYS-PLANT-P01,A pupil places a white flower in coloured water and the petals later become coloured. The pupil says the flower made coloured food. What is the better explanation?,Petals absorbed colour directly from air.,Food-carrying tubes carried soil into the petals.,The plant changed light into blue food.,Coloured water moved through water-carrying tubes into the flower.,D,"The dye is evidence of water transport, not food production.",Misconception probe,,,EOY,Approved,"Assessment-focused rebuild aligned to official LO_ID and scope notes in the P3–P6 Standard Science Curriculum Mastery Map. Standard Bank v1: audited against the MOE Primary Science Syllabus and uploaded TLGs for curriculum scope, age-appropriate language and diagnostic quality. Standard Bank v1: MOE age/scope audit 2026-09-05.",,0,,2026-09-01,2026-09-05,Sci Diagnostic MOE Scope & Language Audit
P5_SYS_HUMAN_C01_Q01,2,P5,P5-SYS-HUMAN,P5-SYS-HUMAN-C01,Which gas makes up the largest proportion of the air around us?,Nitrogen,Oxygen,Carbon dioxide,Water vapour,A,"Air is a mixture of gases, with nitrogen present in the largest proportion.",Direct concept,,,Topic,Approved,"Assessment-focused rebuild aligned to official LO_ID and scope notes in the P3–P6 Standard Science Curriculum Mastery Map. Standard Bank v1: audited against the MOE Primary Science Syllabus and uploaded TLGs for curriculum scope, age-appropriate language and diagnostic quality. Standard Bank v1: MOE age/scope audit 2026-09-05.",,0,,2026-09-01,2026-09-05,Sci Diagnostic MOE Scope & Language Audit
P5_SYS_HUMAN_C01_Q02,3,P5,P5-SYS-HUMAN,P5-SYS-HUMAN-C01,"Compared with inhaled air, exhaled air normally contains which change?",More oxygen and less carbon dioxide,Less oxygen and more carbon dioxide,No nitrogen at all,Only carbon dioxide and no other gases,B,"Compared with inhaled air, exhaled air contains less oxygen and more carbon dioxide.",Application,,,Pre-WA,Approved,"Assessment-focused rebuild aligned to official LO_ID and scope notes in the P3–P6 Standard Science Curriculum Mastery Map. Standard Bank v1: audited against the MOE Primary Science Syllabus and uploaded TLGs for curriculum scope, age-appropriate language and diagnostic quality. Standard Bank v1: MOE age/scope audit 2026-09-05.",,0,,2026-09-01,2026-09-05,Sci Diagnostic MOE Scope & Language Audit
P5_SYS_HUMAN_C01_Q03,2,P5,P5-SYS-HUMAN,P5-SYS-HUMAN-C01,A pupil says people breathe in pure oxygen and breathe out pure carbon dioxide. Which correction is best?,Only exhaled air is a mixture.,Nitrogen is removed completely in the lungs.,Both inhaled and exhaled air are mixtures of several gases.,Water vapour cannot be present in exhaled air.,C,Air entering and leaving the lungs remains a mixture of gases.,Misconception probe,,,EOY,Approved,"Assessment-focused rebuild aligned to official LO_ID and scope notes in the P3–P6 Standard Science Curriculum Mastery Map. Standard Bank v1: audited against the MOE Primary Science Syllabus and uploaded TLGs for curriculum scope, age-appropriate language and diagnostic quality. Standard Bank v1: MOE age/scope audit 2026-09-05.",,0,,2026-09-01,2026-09-05,Sci Diagnostic MOE Scope & Language Audit
P5_SYS_HUMAN_C01_Q04,3,P5,P5-SYS-HUMAN,P5-SYS-HUMAN-C01,Water droplets form when a pupil breathes on a cool mirror. What does this show about the air breathed out?,Exhaled air contains only nitrogen.,The mirror produces water.,Oxygen changes directly into liquid water on the mirror.,Exhaled air contains water vapour.,D,Water vapour in exhaled air condenses on the cool surface.,Application,,,Any,Approved,"Assessment-focused rebuild aligned to official LO_ID and scope notes in the P3–P6 Standard Science Curriculum Mastery Map. Standard Bank v1: audited against the MOE Primary Science Syllabus and uploaded TLGs for curriculum scope, age-appropriate language and diagnostic quality. Standard Bank v1: MOE age/scope audit 2026-09-05.",,0,,2026-09-01,2026-09-05,Sci Diagnostic MOE Scope & Language Audit
P5_SYS_HUMAN_C02_Q01,2,P5,P5-SYS-HUMAN,P5-SYS-HUMAN-C02,Which sequence shows the path of air into the human respiratory system?,Nose → windpipe → lungs,Nose → stomach → lungs,Lungs → nose → windpipe,Mouth → small intestine → heart,A,"Air normally enters through the nose, passes down the windpipe and reaches the lungs.",Direct concept,,,Topic,Approved,"Assessment-focused rebuild aligned to official LO_ID and scope notes in the P3–P6 Standard Science Curriculum Mastery Map. Standard Bank v1: audited against the MOE Primary Science Syllabus and uploaded TLGs for curriculum scope, age-appropriate language and diagnostic quality. Standard Bank v1: MOE age/scope audit 2026-09-05.",,0,,2026-09-01,2026-09-05,Sci Diagnostic MOE Scope & Language Audit
P5_SYS_HUMAN_C02_Q02,2,P5,P5-SYS-HUMAN,P5-SYS-HUMAN-C02,What is the main function of the heart in the circulatory system?,To absorb oxygen directly from the air,To pump blood through blood vessels around the body,To digest food into simpler substances,To filter dust from inhaled air,B,The heart pumps blood through blood vessels.,Application,,,Pre-WA,Approved,"Assessment-focused rebuild aligned to official LO_ID and scope notes in the P3–P6 Standard Science Curriculum Mastery Map. Standard Bank v1: audited against the MOE Primary Science Syllabus and uploaded TLGs for curriculum scope, age-appropriate language and diagnostic quality. Standard Bank v1: MOE age/scope audit 2026-09-05.",,0,,2026-09-01,2026-09-05,Sci Diagnostic MOE Scope & Language Audit
P5_SYS_HUMAN_C02_Q03,3,P5,P5-SYS-HUMAN,P5-SYS-HUMAN-C02,A pupil says lungs pump oxygen-rich blood around the body. Which correction is best?,Lungs digest food before it enters blood.,Blood vessels pump air into the lungs.,Lungs exchange gases; the heart pumps blood.,The nose pumps blood to body cells.,C,"The lungs exchange gases, while the heart pumps blood around the body.",Misconception probe,,,EOY,Approved,"Assessment-focused rebuild aligned to official LO_ID and scope notes in the P3–P6 Standard Science Curriculum Mastery Map. Standard Bank v1: audited against the MOE Primary Science Syllabus and uploaded TLGs for curriculum scope, age-appropriate language and diagnostic quality. Standard Bank v1: MOE age/scope audit 2026-09-05.",,0,,2026-09-01,2026-09-05,Sci Diagnostic MOE Scope & Language Audit
P5_SYS_HUMAN_C02_Q04,3,P5,P5-SYS-HUMAN,P5-SYS-HUMAN-C02,"What directly transports oxygen, digested food and carbon dioxide around the body?",The windpipe,The stomach wall only,The nose,Blood,D,"Blood transports oxygen, digested food and carbon dioxide around the body.",Application,,,Any,Approved,"Assessment-focused rebuild aligned to official LO_ID and scope notes in the P3–P6 Standard Science Curriculum Mastery Map. Standard Bank v1: audited against the MOE Primary Science Syllabus and uploaded TLGs for curriculum scope, age-appropriate language and diagnostic quality. Standard Bank v1: MOE age/scope audit 2026-09-05.",,0,,2026-09-01,2026-09-05,Sci Diagnostic MOE Scope & Language Audit
P5_SYS_HUMAN_C03_Q01,3,P5,P5-SYS-HUMAN,P5-SYS-HUMAN-C03,How do the digestive and circulatory systems work together?,Digested food is absorbed and then transported by the blood to body cells.,The heart digests food before pumping it.,The stomach pumps blood through blood vessels.,The digestive system brings oxygen into the lungs.,A,"The digestive system provides digested food that has been absorbed, and the circulatory system transports it around the body.",Direct concept,,,Topic,Approved,"Assessment-focused rebuild aligned to official LO_ID and scope notes in the P3–P6 Standard Science Curriculum Mastery Map. Standard Bank v1: audited against the MOE Primary Science Syllabus and uploaded TLGs for curriculum scope, age-appropriate language and diagnostic quality. Standard Bank v1: MOE age/scope audit 2026-09-05.",,0,,2026-09-01,2026-09-05,Sci Diagnostic MOE Scope & Language Audit
P5_SYS_HUMAN_C03_Q02,3,P5,P5-SYS-HUMAN,P5-SYS-HUMAN-C03,"During vigorous exercise, breathing rate and heart rate increase. Why?",The body needs to stop taking in oxygen.,More oxygen and digested food can be delivered to active muscles and carbon dioxide removed faster.,The stomach needs more air to chew food.,The skeleton needs to produce carbon dioxide.,B,"During vigorous exercise, active muscles need more oxygen and digested food, and carbon dioxide must be removed faster.",Application,,,Pre-WA,Approved,"Assessment-focused rebuild aligned to official LO_ID and scope notes in the P3–P6 Standard Science Curriculum Mastery Map. Standard Bank v1: audited against the MOE Primary Science Syllabus and uploaded TLGs for curriculum scope, age-appropriate language and diagnostic quality. Standard Bank v1: MOE age/scope audit 2026-09-05.",,0,,2026-09-01,2026-09-05,Sci Diagnostic MOE Scope & Language Audit
P5_SYS_HUMAN_C03_Q03,3,P5,P5-SYS-HUMAN,P5-SYS-HUMAN-C03,A pupil says the respiratory system works separately from the circulatory system. Which example shows they depend on each other?,The nose and lungs are both in the respiratory system.,The heart and blood vessels are both in the circulatory system.,Oxygen enters the blood at the lungs and is then transported to body cells.,Food is chewed in the mouth.,C,The oxygen brought in by the respiratory system must be transported by the circulatory system.,Misconception probe,,,EOY,Approved,"Assessment-focused rebuild aligned to official LO_ID and scope notes in the P3–P6 Standard Science Curriculum Mastery Map. Standard Bank v1: audited against the MOE Primary Science Syllabus and uploaded TLGs for curriculum scope, age-appropriate language and diagnostic quality. Standard Bank v1: MOE age/scope audit 2026-09-05.",,0,,2026-09-01,2026-09-05,Sci Diagnostic MOE Scope & Language Audit
P5_SYS_HUMAN_C03_Q04,3,P5,P5-SYS-HUMAN,P5-SYS-HUMAN-C03,"If the windpipe is completely blocked, why will body cells soon be affected?",Digested food cannot enter the stomach.,Blood vessels immediately disappear.,The large intestine stops absorbing water first.,Oxygen cannot reach the lungs and then the blood for transport to the cells.,D,"If the windpipe is blocked, oxygen cannot reach the lungs and then the blood for transport to body cells.",Application,,,Any,Approved,"Assessment-focused rebuild aligned to official LO_ID and scope notes in the P3–P6 Standard Science Curriculum Mastery Map. Standard Bank v1: audited against the MOE Primary Science Syllabus and uploaded TLGs for curriculum scope, age-appropriate language and diagnostic quality. Standard Bank v1: MOE age/scope audit 2026-09-05.",,0,,2026-09-01,2026-09-05,Sci Diagnostic MOE Scope & Language Audit
P5_SYS_HUMAN_P01_Q01,3,P5,P5-SYS-HUMAN,P5-SYS-HUMAN-P01,Which comparison is correct?,"Humans use lungs to exchange gases, while fish use gills.","Humans use gills, while fish use lungs.",Both humans and fish use roots.,Fish take in oxygen only from air above the water.,A,"Humans use lungs, while fish exchange gases with water through gills.",Application,,,Topic,Approved,"Assessment-focused rebuild aligned to official LO_ID and scope notes in the P3–P6 Standard Science Curriculum Mastery Map. Standard Bank v1: audited against the MOE Primary Science Syllabus and uploaded TLGs for curriculum scope, age-appropriate language and diagnostic quality. Standard Bank v1: MOE age/scope audit 2026-09-05.",,0,,2026-09-01,2026-09-05,Sci Diagnostic MOE Scope & Language Audit
P5_SYS_HUMAN_P01_Q02,3,P5,P5-SYS-HUMAN,P5-SYS-HUMAN-P01,How do plants exchange gases with their surroundings?,Plants use lungs in the stem.,Gases move through tiny openings mainly on the leaves.,Plants use gills in the roots.,Plants do not exchange gases.,B,Plants exchange gases through tiny openings mainly on their leaves.,Application,,,Pre-WA,Approved,"Assessment-focused rebuild aligned to official LO_ID and scope notes in the P3–P6 Standard Science Curriculum Mastery Map. Standard Bank v1: audited against the MOE Primary Science Syllabus and uploaded TLGs for curriculum scope, age-appropriate language and diagnostic quality. Standard Bank v1: MOE age/scope audit 2026-09-05.",,0,,2026-09-01,2026-09-05,Sci Diagnostic MOE Scope & Language Audit
P5_SYS_HUMAN_P01_Q03,2,P5,P5-SYS-HUMAN,P5-SYS-HUMAN-P01,A pupil says a fish must come to the surface to breathe air exactly like a human. Which correction is best?,Fish do not need oxygen.,Fish make oxygen inside their stomachs.,Fish obtain dissolved oxygen from water as water passes over their gills.,Fish breathe only through their fins.,C,Fish use gills to take oxygen dissolved in water.,Misconception probe,,,EOY,Approved,"Assessment-focused rebuild aligned to official LO_ID and scope notes in the P3–P6 Standard Science Curriculum Mastery Map. Standard Bank v1: audited against the MOE Primary Science Syllabus and uploaded TLGs for curriculum scope, age-appropriate language and diagnostic quality. Standard Bank v1: MOE age/scope audit 2026-09-05.",,0,,2026-09-01,2026-09-05,Sci Diagnostic MOE Scope & Language Audit
P5_SYS_HUMAN_P02_Q01,3,P5,P5-SYS-HUMAN,P5-SYS-HUMAN-P02,What is a similarity between transport in plants and humans?,Both use a heart to pump substances.,Both use the same liquid to carry substances.,Both move only water.,Both use tubes to move substances around the organism.,D,Plants have transport tubes and humans have blood vessels; both systems move substances internally.,Application,,,Topic,Approved,"Assessment-focused rebuild aligned to official LO_ID and scope notes in the P3–P6 Standard Science Curriculum Mastery Map. Standard Bank v1: audited against the MOE Primary Science Syllabus and uploaded TLGs for curriculum scope, age-appropriate language and diagnostic quality. Standard Bank v1: MOE age/scope audit 2026-09-05.",,0,,2026-09-01,2026-09-05,Sci Diagnostic MOE Scope & Language Audit
P5_SYS_HUMAN_P02_Q02,3,P5,P5-SYS-HUMAN,P5-SYS-HUMAN-P02,Which difference between plant and human transport is correct?,"Plants have separate tubes for food and water, while humans transport several substances in blood through blood vessels.","Humans use separate tubes for every substance, while plants use one tube for everything.","Plants use a heart to pump water, while humans have no pump.",Neither system transports food.,A,Plants and humans use different tubes and different ways to carry substances.,Application,,,Pre-WA,Approved,"Assessment-focused rebuild aligned to official LO_ID and scope notes in the P3–P6 Standard Science Curriculum Mastery Map. Standard Bank v1: audited against the MOE Primary Science Syllabus and uploaded TLGs for curriculum scope, age-appropriate language and diagnostic quality. Standard Bank v1: MOE age/scope audit 2026-09-05.",,0,,2026-09-01,2026-09-05,Sci Diagnostic MOE Scope & Language Audit
P5_SYS_HUMAN_P02_Q03,2,P5,P5-SYS-HUMAN,P5-SYS-HUMAN-P02,A pupil says the plant transport system must have a heart because substances move through tubes. Which response is correct?,Plants have a small heart inside every leaf.,Plants transport substances through tubes without a heart pump.,Only organisms with hearts can have transport systems.,Plant roots pump blood through the stem.,B,"Plants do not have a heart, even though they have transport tubes.",Misconception probe,,,EOY,Approved,"Assessment-focused rebuild aligned to official LO_ID and scope notes in the P3–P6 Standard Science Curriculum Mastery Map. Standard Bank v1: audited against the MOE Primary Science Syllabus and uploaded TLGs for curriculum scope, age-appropriate language and diagnostic quality. Standard Bank v1: MOE age/scope audit 2026-09-05.",,0,,2026-09-01,2026-09-05,Sci Diagnostic MOE Scope & Language Audit
P5_SYS_ELEC_C01_Q01,2,P5,P5-SYS-ELEC,P5-SYS-ELEC-C01,Which set contains components of a simple electrical system?,"Battery, ruler, cup and spoon","Bulb, leaf, stone and magnet only","Battery, wires, bulb and switch","Switch, spring balance, thermometer and beaker",C,"A simple electrical system can include an energy source and components such as wires, bulbs and switches.",Direct concept,,,Topic,Approved,"Assessment-focused rebuild aligned to official LO_ID and scope notes in the P3–P6 Standard Science Curriculum Mastery Map. Standard Bank v1: audited against the MOE Primary Science Syllabus and uploaded TLGs for curriculum scope, age-appropriate language and diagnostic quality. Standard Bank v1: MOE age/scope audit 2026-09-05.",,0,,2026-09-01,2026-09-05,Sci Diagnostic MOE Scope & Language Audit
P5_SYS_ELEC_C01_Q02,2,P5,P5-SYS-ELEC,P5-SYS-ELEC-C01,What is the role of the battery in a simple circuit?,It measures the temperature of the circuit.,It acts only as a connecting wire.,It opens and closes the circuit like a switch.,It is the energy source for the electrical system.,D,The battery provides energy to the circuit.,Application,,,Pre-WA,Approved,"Assessment-focused rebuild aligned to official LO_ID and scope notes in the P3–P6 Standard Science Curriculum Mastery Map. Standard Bank v1: audited against the MOE Primary Science Syllabus and uploaded TLGs for curriculum scope, age-appropriate language and diagnostic quality. Standard Bank v1: MOE age/scope audit 2026-09-05.",,0,,2026-09-01,2026-09-05,Sci Diagnostic MOE Scope & Language Audit
P5_SYS_ELEC_C01_Q03,2,P5,P5-SYS-ELEC,P5-SYS-ELEC-C01,A pupil says a bulb is the source of electrical energy because it gives out light. Which correction is best?,The battery is the energy source; the bulb changes electrical energy into light and heat.,The bulb creates electrical energy from nothing.,The switch is the only energy source.,Wires store all the energy used by the bulb.,A,The bulb is a component that uses electrical energy supplied by the battery.,Misconception probe,,,EOY,Approved,"Assessment-focused rebuild aligned to official LO_ID and scope notes in the P3–P6 Standard Science Curriculum Mastery Map. Standard Bank v1: audited against the MOE Primary Science Syllabus and uploaded TLGs for curriculum scope, age-appropriate language and diagnostic quality. Standard Bank v1: MOE age/scope audit 2026-09-05.",,0,,2026-09-01,2026-09-05,Sci Diagnostic MOE Scope & Language Audit
P5_SYS_ELEC_C01_Q04,3,P5,P5-SYS-ELEC,P5-SYS-ELEC-C01,What is the main role of connecting wires in a simple circuit?,They create light without a bulb.,They provide a conducting path between components.,They open and close the circuit like a switch.,They measure current by changing colour.,B,Wires connect components and allow current to flow through the circuit path.,Application,,,Any,Approved,"Assessment-focused rebuild aligned to official LO_ID and scope notes in the P3–P6 Standard Science Curriculum Mastery Map. Standard Bank v1: audited against the MOE Primary Science Syllabus and uploaded TLGs for curriculum scope, age-appropriate language and diagnostic quality. Standard Bank v1: MOE age/scope audit 2026-09-05.",,0,,2026-09-01,2026-09-05,Sci Diagnostic MOE Scope & Language Audit
P5_SYS_ELEC_C02_Q01,2,P5,P5-SYS-ELEC,P5-SYS-ELEC-C02,When can current flow through a simple circuit?,When there is a gap anywhere in the path.,When both wires are attached to the same battery terminal only.,When there is a complete closed path from one battery terminal through the components to the other terminal.,Only when the switch is open.,C,Current requires a closed circuit with a complete path.,Direct concept,,,Topic,Approved,"Assessment-focused rebuild aligned to official LO_ID and scope notes in the P3–P6 Standard Science Curriculum Mastery Map. Standard Bank v1: audited against the MOE Primary Science Syllabus and uploaded TLGs for curriculum scope, age-appropriate language and diagnostic quality. Standard Bank v1: MOE age/scope audit 2026-09-05.",,0,,2026-09-01,2026-09-05,Sci Diagnostic MOE Scope & Language Audit
P5_SYS_ELEC_C02_Q02,2,P5,P5-SYS-ELEC,P5-SYS-ELEC-C02,A bulb goes out when a switch is opened. Why?,The switch absorbs all the battery energy.,The bulb becomes an insulator.,The battery changes into a magnet.,"Opening the switch creates a gap, so the circuit is no longer complete.",D,An open switch breaks the conducting path.,Application,,,Pre-WA,Approved,"Assessment-focused rebuild aligned to official LO_ID and scope notes in the P3–P6 Standard Science Curriculum Mastery Map. Standard Bank v1: audited against the MOE Primary Science Syllabus and uploaded TLGs for curriculum scope, age-appropriate language and diagnostic quality. Standard Bank v1: MOE age/scope audit 2026-09-05.",,0,,2026-09-01,2026-09-05,Sci Diagnostic MOE Scope & Language Audit
P5_SYS_ELEC_C02_Q03,2,P5,P5-SYS-ELEC,P5-SYS-ELEC-C02,A pupil connects both sides of a bulb back to the same terminal of a battery. Why will the bulb not light?,There is no complete path connecting the two battery terminals through the bulb.,Current can flow out of one terminal and return to the same terminal without a complete circuit.,The bulb can light only if it touches the battery casing.,A battery has only one terminal.,A,A complete circuit must connect the two battery terminals through conducting components.,Misconception probe,,,EOY,Approved,"Assessment-focused rebuild aligned to official LO_ID and scope notes in the P3–P6 Standard Science Curriculum Mastery Map. Standard Bank v1: audited against the MOE Primary Science Syllabus and uploaded TLGs for curriculum scope, age-appropriate language and diagnostic quality. Standard Bank v1: MOE age/scope audit 2026-09-05.",,0,,2026-09-01,2026-09-05,Sci Diagnostic MOE Scope & Language Audit
P5_SYS_ELEC_C02_Q04,3,P5,P5-SYS-ELEC,P5-SYS-ELEC-C02,"A working bulb and battery are connected in a circuit, but the bulb does not light because the switch is open. Which change will make the bulb light?",Add another gap in a wire.,Close the switch so the circuit is complete.,Disconnect the battery.,Replace a metal wire with a plastic strip.,B,Closing the switch completes the circuit and allows current to flow.,Application,,,Any,Approved,"Assessment-focused rebuild aligned to official LO_ID and scope notes in the P3–P6 Standard Science Curriculum Mastery Map. Standard Bank v1: audited against the MOE Primary Science Syllabus and uploaded TLGs for curriculum scope, age-appropriate language and diagnostic quality. Standard Bank v1: MOE age/scope audit 2026-09-05.",,0,,2026-09-01,2026-09-05,Sci Diagnostic MOE Scope & Language Audit
P5_SYS_ELEC_C03_Q01,2,P5,P5-SYS-ELEC,P5-SYS-ELEC-C03,Which material is usually an electrical conductor?,Rubber,Plastic,Copper,Dry wood,C,Copper is a metal and conducts electric current.,Direct concept,,,Topic,Approved,"Assessment-focused rebuild aligned to official LO_ID and scope notes in the P3–P6 Standard Science Curriculum Mastery Map. Standard Bank v1: audited against the MOE Primary Science Syllabus and uploaded TLGs for curriculum scope, age-appropriate language and diagnostic quality. Standard Bank v1: MOE age/scope audit 2026-09-05.",,0,,2026-09-01,2026-09-05,Sci Diagnostic MOE Scope & Language Audit
P5_SYS_ELEC_C03_Q02,2,P5,P5-SYS-ELEC,P5-SYS-ELEC-C03,Why are metal wires often covered with plastic?,Plastic makes the metal conduct more strongly.,Metal is an insulator and plastic is the conductor.,Plastic supplies electrical energy to the wire.,The metal conducts current while the plastic insulates and reduces the risk of electric shock.,D,The metal core conducts; the plastic coating is an insulator.,Application,,,Pre-WA,Approved,"Assessment-focused rebuild aligned to official LO_ID and scope notes in the P3–P6 Standard Science Curriculum Mastery Map. Standard Bank v1: audited against the MOE Primary Science Syllabus and uploaded TLGs for curriculum scope, age-appropriate language and diagnostic quality. Standard Bank v1: MOE age/scope audit 2026-09-05.",,0,,2026-09-01,2026-09-05,Sci Diagnostic MOE Scope & Language Audit
P5_SYS_ELEC_C03_Q03,3,P5,P5-SYS-ELEC,P5-SYS-ELEC-C03,A pupil puts each item into a simple circuit. Which item is most likely to allow current to flow?,A metal spoon,A plastic ruler,A wooden ice-cream stick,A rubber band,A,"Metals such as the spoon are electrical conductors. Plastic, wood and rubber are electrical insulators.",Misconception probe,,,EOY,Approved,"Assessment-focused rebuild aligned to official LO_ID and scope notes in the P3–P6 Standard Science Curriculum Mastery Map. Standard Bank v1: audited against the MOE Primary Science Syllabus and uploaded TLGs for curriculum scope, age-appropriate language and diagnostic quality. Standard Bank v1: MOE age/scope audit 2026-09-05.",,0,,2026-09-01,2026-09-05,Sci Diagnostic MOE Scope & Language Audit
P5_SYS_ELEC_C03_Q04,2,P5,P5-SYS-ELEC,P5-SYS-ELEC-C03,A gap in a circuit is bridged with four objects. Which object is most likely to make the bulb light?,A plastic straw,A steel paper clip,A rubber band,A wooden craft stick,B,Steel is a conductor and can complete the conducting path.,Application,,,Any,Approved,"Assessment-focused rebuild aligned to official LO_ID and scope notes in the P3–P6 Standard Science Curriculum Mastery Map. Standard Bank v1: audited against the MOE Primary Science Syllabus and uploaded TLGs for curriculum scope, age-appropriate language and diagnostic quality. Standard Bank v1: MOE age/scope audit 2026-09-05.",,0,,2026-09-01,2026-09-05,Sci Diagnostic MOE Scope & Language Audit
P5_SYS_ELEC_P01_Q01,2,P5,P5-SYS-ELEC,P5-SYS-ELEC-P01,"A circuit diagram shows one battery, one closed switch and one bulb connected in a single complete loop. What should a pupil build?",Connect all components but leave one wire unattached.,Connect both bulb terminals to the same side of the battery only.,"Connect the battery, switch and bulb with wires so there is one complete closed path.",Place the components near each other without connecting wires.,C,Constructing from a circuit diagram requires matching the components and their connections.,Application,,,Topic,Approved,"Assessment-focused rebuild aligned to official LO_ID and scope notes in the P3–P6 Standard Science Curriculum Mastery Map. Standard Bank v1: audited against the MOE Primary Science Syllabus and uploaded TLGs for curriculum scope, age-appropriate language and diagnostic quality. Standard Bank v1: MOE age/scope audit 2026-09-05.",,0,,2026-09-01,2026-09-05,Sci Diagnostic MOE Scope & Language Audit
P5_SYS_ELEC_P01_Q02,2,P5,P5-SYS-ELEC,P5-SYS-ELEC-P01,"A pupil builds a circuit from a diagram but the bulb does not light. The diagram shows a closed loop, while the pupil left one wire disconnected. What is the best correction?",Remove the battery.,Open the switch.,Replace all wires with plastic strips.,Connect the loose wire to complete the path shown in the diagram.,D,The built circuit must match the complete connections shown in the diagram.,Application,,,Pre-WA,Approved,"Assessment-focused rebuild aligned to official LO_ID and scope notes in the P3–P6 Standard Science Curriculum Mastery Map. Standard Bank v1: audited against the MOE Primary Science Syllabus and uploaded TLGs for curriculum scope, age-appropriate language and diagnostic quality. Standard Bank v1: MOE age/scope audit 2026-09-05.",,0,,2026-09-01,2026-09-05,Sci Diagnostic MOE Scope & Language Audit
P5_SYS_ELEC_P01_Q03,2,P5,P5-SYS-ELEC,P5-SYS-ELEC-P01,A pupil thinks the physical positions of components must look exactly like the symbols on a circuit diagram. Which idea is more important?,The electrical connections between components must match the diagram.,Every component must be placed at the same angle as the symbol.,The circuit works only if drawn on paper first.,Component positions matter more than whether the path is complete.,A,"Circuit diagrams represent how components are connected, not their exact physical layout.",Misconception probe,,,EOY,Approved,"Assessment-focused rebuild aligned to official LO_ID and scope notes in the P3–P6 Standard Science Curriculum Mastery Map. Standard Bank v1: audited against the MOE Primary Science Syllabus and uploaded TLGs for curriculum scope, age-appropriate language and diagnostic quality. Standard Bank v1: MOE age/scope audit 2026-09-05.",,0,,2026-09-01,2026-09-05,Sci Diagnostic MOE Scope & Language Audit
P5_SYS_ELEC_P02_Q01,2,P5,P5-SYS-ELEC,P5-SYS-ELEC-P02,"In a circuit with one bulb, what usually happens to the bulb when another battery is added in series?",The bulb becomes dimmer.,The bulb becomes brighter.,The bulb must go out.,The bulb brightness cannot change with the number of batteries.,B,Adding batteries in series increases the effect on current and typically makes the bulb brighter.,Application,,,Topic,Approved,"Assessment-focused rebuild aligned to official LO_ID and scope notes in the P3–P6 Standard Science Curriculum Mastery Map. Standard Bank v1: audited against the MOE Primary Science Syllabus and uploaded TLGs for curriculum scope, age-appropriate language and diagnostic quality. Standard Bank v1: MOE age/scope audit 2026-09-05.",,0,,2026-09-01,2026-09-05,Sci Diagnostic MOE Scope & Language Audit
P5_SYS_ELEC_P02_Q02,2,P5,P5-SYS-ELEC,P5-SYS-ELEC-P02,"Two identical bulbs are connected in series to the same battery. Compared with one bulb alone, how will the bulbs usually appear?",Each bulb will be brighter.,Only one bulb can light.,Each bulb will be dimmer.,Their brightness must be unchanged.,C,Adding bulbs in series reduces the current in the circuit and the bulbs become dimmer.,Application,,,Pre-WA,Approved,"Assessment-focused rebuild aligned to official LO_ID and scope notes in the P3–P6 Standard Science Curriculum Mastery Map. Standard Bank v1: audited against the MOE Primary Science Syllabus and uploaded TLGs for curriculum scope, age-appropriate language and diagnostic quality. Standard Bank v1: MOE age/scope audit 2026-09-05.",,0,,2026-09-01,2026-09-05,Sci Diagnostic MOE Scope & Language Audit
P5_SYS_ELEC_P02_Q03,2,P5,P5-SYS-ELEC,P5-SYS-ELEC-P02,Two identical bulbs are connected in parallel. One bulb is removed while the other branch remains complete. What happens to the remaining bulb?,It must go out because every bulb depends on the other branch.,It becomes an open circuit even though its branch is complete.,The battery stops supplying energy immediately.,It stays lit because its branch is still a complete path.,D,"Parallel branches provide separate complete paths, so one branch can continue to work if another is opened.",Misconception probe,,,EOY,Approved,"Assessment-focused rebuild aligned to official LO_ID and scope notes in the P3–P6 Standard Science Curriculum Mastery Map. Standard Bank v1: audited against the MOE Primary Science Syllabus and uploaded TLGs for curriculum scope, age-appropriate language and diagnostic quality. Standard Bank v1: MOE age/scope audit 2026-09-05.",,0,,2026-09-01,2026-09-05,Sci Diagnostic MOE Scope & Language Audit
P6_ENE_PHOTO_C01_Q01,2,P6,P6-ENE-PHOTO,P6-ENE-PHOTO-C01,Why do living things carry out respiration?,To release energy from food for life processes.,To make food directly from light.,To change oxygen into food.,To stop cells from using energy.,A,Respiration releases energy from food so living things can carry out life processes.,Direct concept,,,Topic,Approved,"Assessment-focused rebuild aligned to official LO_ID and scope notes in the P3–P6 Standard Science Curriculum Mastery Map. Standard Bank v1: audited against the MOE Primary Science Syllabus and uploaded TLGs for curriculum scope, age-appropriate language and diagnostic quality. Standard Bank v1: MOE age/scope audit 2026-09-05.",,0,,2026-09-01,2026-09-05,Sci Diagnostic MOE Scope & Language Audit
P6_ENE_PHOTO_C01_Q02,2,P6,P6-ENE-PHOTO,P6-ENE-PHOTO-C01,A growing seedling needs energy for growth even before it has many leaves. Which process releases energy from its stored food?,Pollination,Respiration,Condensation,Photosynthesis only,B,Respiration releases energy from food for growth and other life processes.,Application,,,Pre-WA,Approved,"Assessment-focused rebuild aligned to official LO_ID and scope notes in the P3–P6 Standard Science Curriculum Mastery Map. Standard Bank v1: audited against the MOE Primary Science Syllabus and uploaded TLGs for curriculum scope, age-appropriate language and diagnostic quality. Standard Bank v1: MOE age/scope audit 2026-09-05.",,0,,2026-09-01,2026-09-05,Sci Diagnostic MOE Scope & Language Audit
P6_ENE_PHOTO_C01_Q03,2,P6,P6-ENE-PHOTO,P6-ENE-PHOTO-C01,A pupil says plants respire only at night. Which statement is correct?,Plants respire only when there is no light.,Plants never respire because they photosynthesise.,Plants respire all the time because their living cells need energy continuously.,Respiration happens only in animals.,C,Respiration occurs continuously in living plant cells; photosynthesis depends on light.,Misconception probe,,,EOY,Approved,"Assessment-focused rebuild aligned to official LO_ID and scope notes in the P3–P6 Standard Science Curriculum Mastery Map. Standard Bank v1: audited against the MOE Primary Science Syllabus and uploaded TLGs for curriculum scope, age-appropriate language and diagnostic quality. Standard Bank v1: MOE age/scope audit 2026-09-05.",,0,,2026-09-01,2026-09-05,Sci Diagnostic MOE Scope & Language Audit
P6_ENE_PHOTO_C01_Q04,2,P6,P6-ENE-PHOTO,P6-ENE-PHOTO-C01,Which activity directly depends on energy released by respiration?,The formation of a shadow,The freezing of water at 0°C,The attraction between two magnets,Growth and repair of living cells,D,Life processes such as growth and repair require energy released from food by respiration.,Application,,,Any,Approved,"Assessment-focused rebuild aligned to official LO_ID and scope notes in the P3–P6 Standard Science Curriculum Mastery Map. Standard Bank v1: audited against the MOE Primary Science Syllabus and uploaded TLGs for curriculum scope, age-appropriate language and diagnostic quality. Standard Bank v1: MOE age/scope audit 2026-09-05.",,0,,2026-09-01,2026-09-05,Sci Diagnostic MOE Scope & Language Audit
P6_ENE_PHOTO_C02_Q01,3,P6,P6-ENE-PHOTO,P6-ENE-PHOTO-C02,What is the main source of energy for most living things on Earth?,The Sun,The soil,The Moon,Rocks,A,"The Sun provides light energy that green plants use to make food, and this energy can pass to other living things.",Direct concept,,,Topic,Approved,"Assessment-focused rebuild aligned to official LO_ID and scope notes in the P3–P6 Standard Science Curriculum Mastery Map. Standard Bank v1: audited against the MOE Primary Science Syllabus and uploaded TLGs for curriculum scope, age-appropriate language and diagnostic quality. Standard Bank v1: MOE age/scope audit 2026-09-05.",,0,,2026-09-01,2026-09-05,Sci Diagnostic MOE Scope & Language Audit
P6_ENE_PHOTO_C02_Q02,2,P6,P6-ENE-PHOTO,P6-ENE-PHOTO-C02,A cow obtains energy by eating grass. How can this energy be traced back to the Sun?,The cow absorbed sunlight directly through its fur.,The grass trapped light energy from the Sun to make food.,The soil created energy inside the grass.,The grass received energy only from rain.,B,"Plants trap light energy from the Sun when making food, and that energy can pass to animals that eat them.",Application,,,Pre-WA,Approved,"Assessment-focused rebuild aligned to official LO_ID and scope notes in the P3–P6 Standard Science Curriculum Mastery Map. Standard Bank v1: audited against the MOE Primary Science Syllabus and uploaded TLGs for curriculum scope, age-appropriate language and diagnostic quality. Standard Bank v1: MOE age/scope audit 2026-09-05.",,0,,2026-09-01,2026-09-05,Sci Diagnostic MOE Scope & Language Audit
P6_ENE_PHOTO_C02_Q03,2,P6,P6-ENE-PHOTO,P6-ENE-PHOTO-C02,A pupil says animals obtain energy from the Sun in exactly the same way as green plants. Which correction is best?,Animals photosynthesise using their skin.,Plants obtain all energy by eating animals.,"Green plants trap light energy to make food, while animals obtain energy by eating food.",Neither plants nor animals ultimately depend on the Sun.,C,"Plants and animals obtain energy differently, though much of the energy ultimately comes from the Sun.",Misconception probe,,,EOY,Approved,"Assessment-focused rebuild aligned to official LO_ID and scope notes in the P3–P6 Standard Science Curriculum Mastery Map. Standard Bank v1: audited against the MOE Primary Science Syllabus and uploaded TLGs for curriculum scope, age-appropriate language and diagnostic quality. Standard Bank v1: MOE age/scope audit 2026-09-05.",,0,,2026-09-01,2026-09-05,Sci Diagnostic MOE Scope & Language Audit
P6_ENE_PHOTO_C02_Q04,2,P6,P6-ENE-PHOTO,P6-ENE-PHOTO-C02,Which energy from the Sun directly supports photosynthesis?,Sound energy,Electrical energy from batteries,Magnetic energy,Light energy,D,Plants use light energy from the Sun during photosynthesis.,Application,,,Any,Approved,"Assessment-focused rebuild aligned to official LO_ID and scope notes in the P3–P6 Standard Science Curriculum Mastery Map. Standard Bank v1: audited against the MOE Primary Science Syllabus and uploaded TLGs for curriculum scope, age-appropriate language and diagnostic quality. Standard Bank v1: MOE age/scope audit 2026-09-05.",,0,,2026-09-01,2026-09-05,Sci Diagnostic MOE Scope & Language Audit
P6_ENE_PHOTO_C03_Q01,2,P6,P6-ENE-PHOTO,P6-ENE-PHOTO-C03,How do green plants obtain food compared with animals?,"Green plants make food using light, while animals obtain food by eating other organisms or their products.",Both plants and animals absorb food from soil.,"Animals make food using light, while plants hunt prey.",Both obtain all food by drinking water.,A,Plants can make food by photosynthesis; animals must obtain food from other organisms.,Direct concept,,,Topic,Approved,"Assessment-focused rebuild aligned to official LO_ID and scope notes in the P3–P6 Standard Science Curriculum Mastery Map. Standard Bank v1: audited against the MOE Primary Science Syllabus and uploaded TLGs for curriculum scope, age-appropriate language and diagnostic quality. Standard Bank v1: MOE age/scope audit 2026-09-05.",,0,,2026-09-01,2026-09-05,Sci Diagnostic MOE Scope & Language Audit
P6_ENE_PHOTO_C03_Q02,2,P6,P6-ENE-PHOTO,P6-ENE-PHOTO-C03,A rabbit eats a leafy plant. Which statement best describes the energy pathway?,The rabbit made food directly from sunlight.,"The plant made food using light, and the rabbit obtained energy by eating the plant.",The plant obtained its food by eating the rabbit.,Both got food from mineral salts in the soil.,B,The plant is a producer; the rabbit obtains food by feeding on another organism.,Application,,,Pre-WA,Approved,"Assessment-focused rebuild aligned to official LO_ID and scope notes in the P3–P6 Standard Science Curriculum Mastery Map. Standard Bank v1: audited against the MOE Primary Science Syllabus and uploaded TLGs for curriculum scope, age-appropriate language and diagnostic quality. Standard Bank v1: MOE age/scope audit 2026-09-05.",,0,,2026-09-01,2026-09-05,Sci Diagnostic MOE Scope & Language Audit
P6_ENE_PHOTO_C03_Q03,2,P6,P6-ENE-PHOTO,P6-ENE-PHOTO-C03,A pupil says mineral salts absorbed by roots are the plant’s food. Which correction is best?,Mineral salts are the only food a plant needs.,Plants do not need light to make food.,"Mineral salts are needed for healthy growth, but the plant makes its food using light, carbon dioxide and water.",Animals and plants both absorb food through roots.,C,Plants make food; mineral salts are not the food itself.,Misconception probe,,,EOY,Approved,"Assessment-focused rebuild aligned to official LO_ID and scope notes in the P3–P6 Standard Science Curriculum Mastery Map. Standard Bank v1: audited against the MOE Primary Science Syllabus and uploaded TLGs for curriculum scope, age-appropriate language and diagnostic quality. Standard Bank v1: MOE age/scope audit 2026-09-05.",,0,,2026-09-01,2026-09-05,Sci Diagnostic MOE Scope & Language Audit
P6_ENE_PHOTO_C03_Q04,2,P6,P6-ENE-PHOTO,P6-ENE-PHOTO-C03,Which organism directly makes its own food using light energy?,A caterpillar,A bird,A mushroom,A green plant,D,Green plants make their own food using light energy.,Application,,,Any,Approved,"Assessment-focused rebuild aligned to official LO_ID and scope notes in the P3–P6 Standard Science Curriculum Mastery Map. Standard Bank v1: audited against the MOE Primary Science Syllabus and uploaded TLGs for curriculum scope, age-appropriate language and diagnostic quality. Standard Bank v1: MOE age/scope audit 2026-09-05.",,0,,2026-09-01,2026-09-05,Sci Diagnostic MOE Scope & Language Audit
P6_ENE_PHOTO_P01_Q01,3,P6,P6-ENE-PHOTO,P6-ENE-PHOTO-P01,"A plant is kept in the dark for a few days. One leaf is then partly covered with black paper and the plant is placed in light. After a starch test, only the uncovered part turns blue-black. What does this show?",Light is required for the leaf to make food that can be stored as starch.,Light prevents photosynthesis.,Black paper supplies carbon dioxide.,Covered parts make more food than uncovered parts.,A,The uncovered part received light and made food; the covered part did not.,Application,,,Topic,Approved,"Assessment-focused rebuild aligned to official LO_ID and scope notes in the P3–P6 Standard Science Curriculum Mastery Map. Standard Bank v1: audited against the MOE Primary Science Syllabus and uploaded TLGs for curriculum scope, age-appropriate language and diagnostic quality. Standard Bank v1: MOE age/scope audit 2026-09-05.",,0,,2026-09-01,2026-09-05,Sci Diagnostic MOE Scope & Language Audit
P6_ENE_PHOTO_P01_Q02,2,P6,P6-ENE-PHOTO,P6-ENE-PHOTO-P01,"Two similar plants receive the same light and water, but one is kept where very little carbon dioxide is available. What should happen?",Both must make the same amount because carbon dioxide is not required.,The plant with less carbon dioxide should make less food.,The low-carbon-dioxide plant should make more food.,Neither plant can photosynthesise because water prevents it.,B,Carbon dioxide is a requirement for photosynthesis.,Application,,,Pre-WA,Approved,"Assessment-focused rebuild aligned to official LO_ID and scope notes in the P3–P6 Standard Science Curriculum Mastery Map. Standard Bank v1: audited against the MOE Primary Science Syllabus and uploaded TLGs for curriculum scope, age-appropriate language and diagnostic quality. Standard Bank v1: MOE age/scope audit 2026-09-05.",,0,,2026-09-01,2026-09-05,Sci Diagnostic MOE Scope & Language Audit
P6_ENE_PHOTO_P01_Q03,2,P6,P6-ENE-PHOTO,P6-ENE-PHOTO-P01,A pupil says water is needed only to stop a plant from wilting and is not involved in photosynthesis. Which correction is best?,Water is produced before photosynthesis can begin and is never used.,Only carbon dioxide and soil are required.,Water is one of the requirements for photosynthesis.,Plants can photosynthesise without water if there is enough light.,C,"Water, light energy and carbon dioxide are required for photosynthesis.",Misconception probe,,,EOY,Approved,"Assessment-focused rebuild aligned to official LO_ID and scope notes in the P3–P6 Standard Science Curriculum Mastery Map. Standard Bank v1: audited against the MOE Primary Science Syllabus and uploaded TLGs for curriculum scope, age-appropriate language and diagnostic quality. Standard Bank v1: MOE age/scope audit 2026-09-05.",,0,,2026-09-01,2026-09-05,Sci Diagnostic MOE Scope & Language Audit
P6_ENE_CONV_C01_Q01,3,P6,P6-ENE-CONV,P6-ENE-CONV-C01,Why can the energy in food be traced back to the Sun?,Food creates energy from nothing.,Animals absorb energy directly from rocks.,The Moon provides the energy stored in food.,Green plants trap light energy from the Sun when making food.,D,Light energy from the Sun is trapped by green plants and can be transferred through food chains.,Direct concept,,,Topic,Approved,"Assessment-focused rebuild aligned to official LO_ID and scope notes in the P3–P6 Standard Science Curriculum Mastery Map. Standard Bank v1: audited against the MOE Primary Science Syllabus and uploaded TLGs for curriculum scope, age-appropriate language and diagnostic quality. Standard Bank v1: MOE age/scope audit 2026-09-05.",,0,,2026-09-01,2026-09-05,Sci Diagnostic MOE Scope & Language Audit
P6_ENE_CONV_C01_Q02,3,P6,P6-ENE-CONV,P6-ENE-CONV-C01,A dam stores water high above a generator. How is the energy in the water linked indirectly to the Sun?,The Sun drives evaporation and the water cycle that returns water to higher places.,Sunlight turns the generator directly without water.,The Sun creates metal inside the generator.,The water receives energy only from the Moon.,A,"The Sun drives the water cycle, which can move water to higher places.",Application,,,Pre-WA,Approved,"Assessment-focused rebuild aligned to official LO_ID and scope notes in the P3–P6 Standard Science Curriculum Mastery Map. Standard Bank v1: audited against the MOE Primary Science Syllabus and uploaded TLGs for curriculum scope, age-appropriate language and diagnostic quality. Standard Bank v1: MOE age/scope audit 2026-09-05.",,0,,2026-09-01,2026-09-05,Sci Diagnostic MOE Scope & Language Audit
P6_ENE_CONV_C01_Q03,3,P6,P6-ENE-CONV,P6-ENE-CONV-C01,A pupil says energy in wind has no connection to the Sun. Which idea best challenges this?,Wind is produced only by magnets.,Uneven heating of Earth by the Sun contributes to moving air.,Wind creates the Sun’s heat.,Moving air has no energy.,B,"Heating by the Sun helps to produce moving air, linking wind energy to the Sun.",Misconception probe,,,EOY,Approved,"Assessment-focused rebuild aligned to official LO_ID and scope notes in the P3–P6 Standard Science Curriculum Mastery Map. Standard Bank v1: audited against the MOE Primary Science Syllabus and uploaded TLGs for curriculum scope, age-appropriate language and diagnostic quality. Standard Bank v1: MOE age/scope audit 2026-09-05.",,0,,2026-09-01,2026-09-05,Sci Diagnostic MOE Scope & Language Audit
P6_ENE_CONV_C01_Q04,3,P6,P6-ENE-CONV,P6-ENE-CONV-C01,A solar panel receives sunlight. Which form of energy from the Sun reaches the panel directly?,Potential energy,Sound energy,Light energy,Kinetic energy,C,Sunlight provides light energy to the solar panel.,Application,,,Any,Approved,"Assessment-focused rebuild aligned to official LO_ID and scope notes in the P3–P6 Standard Science Curriculum Mastery Map. Standard Bank v1: audited against the MOE Primary Science Syllabus and uploaded TLGs for curriculum scope, age-appropriate language and diagnostic quality. Standard Bank v1: MOE age/scope audit 2026-09-05.",,0,,2026-09-01,2026-09-05,Sci Diagnostic MOE Scope & Language Audit
P6_ENE_CONV_C02_Q01,2,P6,P6-ENE-CONV,P6-ENE-CONV-C02,Which form of energy does a moving bicycle have because it is moving?,Potential energy only,Sound energy only,Electrical energy only,Kinetic energy,D,Energy associated with motion is kinetic energy.,Direct concept,,,Topic,Approved,"Assessment-focused rebuild aligned to official LO_ID and scope notes in the P3–P6 Standard Science Curriculum Mastery Map. Standard Bank v1: audited against the MOE Primary Science Syllabus and uploaded TLGs for curriculum scope, age-appropriate language and diagnostic quality. Standard Bank v1: MOE age/scope audit 2026-09-05.",,0,,2026-09-01,2026-09-05,Sci Diagnostic MOE Scope & Language Audit
P6_ENE_CONV_C02_Q02,2,P6,P6-ENE-CONV,P6-ENE-CONV-C02,A stretched elastic band is held still before release. Which form of energy is stored because of its changed shape?,Potential energy,Kinetic energy,Sound energy,Light energy,A,A stretched object can store potential energy because of its changed shape.,Application,,,Pre-WA,Approved,"Assessment-focused rebuild aligned to official LO_ID and scope notes in the P3–P6 Standard Science Curriculum Mastery Map. Standard Bank v1: audited against the MOE Primary Science Syllabus and uploaded TLGs for curriculum scope, age-appropriate language and diagnostic quality. Standard Bank v1: MOE age/scope audit 2026-09-05.",,0,,2026-09-01,2026-09-05,Sci Diagnostic MOE Scope & Language Audit
P6_ENE_CONV_C02_Q03,2,P6,P6-ENE-CONV,P6-ENE-CONV-C02,A book is held high above the floor and is not moving. A pupil says it has no energy because it is stationary. Which correction is best?,Stationary objects can never have energy.,It has potential energy because of its position.,It has only sound energy.,Its energy has been destroyed.,B,An object can store potential energy because of position even when it is not moving.,Misconception probe,,,EOY,Approved,"Assessment-focused rebuild aligned to official LO_ID and scope notes in the P3–P6 Standard Science Curriculum Mastery Map. Standard Bank v1: audited against the MOE Primary Science Syllabus and uploaded TLGs for curriculum scope, age-appropriate language and diagnostic quality. Standard Bank v1: MOE age/scope audit 2026-09-05.",,0,,2026-09-01,2026-09-05,Sci Diagnostic MOE Scope & Language Audit
P6_ENE_CONV_C02_Q04,2,P6,P6-ENE-CONV,P6-ENE-CONV-C02,Which pair is correctly matched?,Moving ball — electrical energy,Hot soup — sound energy,Glowing lamp — light energy,Ringing bell — potential energy only,C,A glowing lamp gives out light energy; the other pairings do not match the main form described.,Application,,,Any,Approved,"Assessment-focused rebuild aligned to official LO_ID and scope notes in the P3–P6 Standard Science Curriculum Mastery Map. Standard Bank v1: audited against the MOE Primary Science Syllabus and uploaded TLGs for curriculum scope, age-appropriate language and diagnostic quality. Standard Bank v1: MOE age/scope audit 2026-09-05.",,0,,2026-09-01,2026-09-05,Sci Diagnostic MOE Scope & Language Audit
P6_ENE_CONV_P01_Q01,2,P6,P6-ENE-CONV,P6-ENE-CONV-P01,A ball falls from a shelf and speeds up. What main energy change occurs as it falls?,Kinetic energy changes to potential energy.,Sound energy changes to light energy.,Electrical energy changes to potential energy.,Potential energy changes to kinetic energy.,D,"As height decreases and speed increases, potential energy is converted to kinetic energy.",Application,,,Topic,Approved,"Assessment-focused rebuild aligned to official LO_ID and scope notes in the P3–P6 Standard Science Curriculum Mastery Map. Standard Bank v1: audited against the MOE Primary Science Syllabus and uploaded TLGs for curriculum scope, age-appropriate language and diagnostic quality. Standard Bank v1: MOE age/scope audit 2026-09-05.",,0,,2026-09-01,2026-09-05,Sci Diagnostic MOE Scope & Language Audit
P6_ENE_CONV_P01_Q02,2,P6,P6-ENE-CONV,P6-ENE-CONV-P01,A battery-powered buzzer is switched on. Which sequence best describes the main energy changes?,Energy in the battery → electrical energy → sound energy,Sound energy → electrical energy → energy in the battery,Light energy → potential energy → sound energy,Kinetic energy → light energy only,A,"The battery supplies energy electrically, and the buzzer produces sound.",Application,,,Pre-WA,Approved,"Assessment-focused rebuild aligned to official LO_ID and scope notes in the P3–P6 Standard Science Curriculum Mastery Map. Standard Bank v1: audited against the MOE Primary Science Syllabus and uploaded TLGs for curriculum scope, age-appropriate language and diagnostic quality. Standard Bank v1: MOE age/scope audit 2026-09-05.",,0,,2026-09-01,2026-09-05,Sci Diagnostic MOE Scope & Language Audit
P6_ENE_CONV_P01_Q03,2,P6,P6-ENE-CONV,P6-ENE-CONV-P01,A toy car slows and stops on the floor. A pupil says its kinetic energy disappeared. Which explanation is better?,Energy was destroyed when the car stopped.,Its kinetic energy was converted mainly to heat and sound because of friction.,The energy changed into mass.,The car stored all the energy as light.,B,Energy is converted rather than destroyed; friction transfers energy mainly into heat and some sound.,Misconception probe,,,EOY,Approved,"Assessment-focused rebuild aligned to official LO_ID and scope notes in the P3–P6 Standard Science Curriculum Mastery Map. Standard Bank v1: audited against the MOE Primary Science Syllabus and uploaded TLGs for curriculum scope, age-appropriate language and diagnostic quality. Standard Bank v1: MOE age/scope audit 2026-09-05.",,0,,2026-09-01,2026-09-05,Sci Diagnostic MOE Scope & Language Audit
P6_INT_FORCE_C01_Q01,2,P6,P6-INT-FORCE,P6-INT-FORCE-C01,What is a force?,A form of matter,A measurement of temperature,A push or a pull,A type of light,C,"At this level, a force is identified as a push or a pull.",Direct concept,,,Topic,Approved,"Assessment-focused rebuild aligned to official LO_ID and scope notes in the P3–P6 Standard Science Curriculum Mastery Map. Standard Bank v1: audited against the MOE Primary Science Syllabus and uploaded TLGs for curriculum scope, age-appropriate language and diagnostic quality. Standard Bank v1: MOE age/scope audit 2026-09-05.",,0,,2026-09-01,2026-09-05,Sci Diagnostic MOE Scope & Language Audit
P6_INT_FORCE_C01_Q02,2,P6,P6-INT-FORCE,P6-INT-FORCE-C01,A child pulls a wagon using a handle. Which statement is correct?,The child exerts only heat on the wagon.,No force acts because the wagon has wheels.,The wagon moves without any push or pull.,The child exerts a pulling force on the wagon.,D,Pulling the handle is an example of applying a force.,Application,,,Pre-WA,Approved,"Assessment-focused rebuild aligned to official LO_ID and scope notes in the P3–P6 Standard Science Curriculum Mastery Map. Standard Bank v1: audited against the MOE Primary Science Syllabus and uploaded TLGs for curriculum scope, age-appropriate language and diagnostic quality. Standard Bank v1: MOE age/scope audit 2026-09-05.",,0,,2026-09-01,2026-09-05,Sci Diagnostic MOE Scope & Language Audit
P6_INT_FORCE_C01_Q03,2,P6,P6-INT-FORCE,P6-INT-FORCE-C01,A pupil says a force exists only when an object moves. Which example disproves this?,A person pushes hard on a wall but the wall does not move.,A ball rolls after being kicked.,A bicycle speeds up when pedalled.,A door opens when pushed.,A,A force can be applied even when the object does not move.,Misconception probe,,,EOY,Approved,"Assessment-focused rebuild aligned to official LO_ID and scope notes in the P3–P6 Standard Science Curriculum Mastery Map. Standard Bank v1: audited against the MOE Primary Science Syllabus and uploaded TLGs for curriculum scope, age-appropriate language and diagnostic quality. Standard Bank v1: MOE age/scope audit 2026-09-05.",,0,,2026-09-01,2026-09-05,Sci Diagnostic MOE Scope & Language Audit
P6_INT_FORCE_C01_Q04,2,P6,P6-INT-FORCE,P6-INT-FORCE-C01,Which action is an example of a pushing force?,Pulling a suitcase handle,Pressing a drawer closed,Lifting a bucket with a rope,Drawing a bowstring backwards,B,Pressing a drawer closed applies a push.,Application,,,Any,Approved,"Assessment-focused rebuild aligned to official LO_ID and scope notes in the P3–P6 Standard Science Curriculum Mastery Map. Standard Bank v1: audited against the MOE Primary Science Syllabus and uploaded TLGs for curriculum scope, age-appropriate language and diagnostic quality. Standard Bank v1: MOE age/scope audit 2026-09-05.",,0,,2026-09-01,2026-09-05,Sci Diagnostic MOE Scope & Language Audit
P6_INT_FORCE_C02_Q01,2,P6,P6-INT-FORCE,P6-INT-FORCE-C02,Which is an effect a force can have on an object?,It always increases the object’s mass.,It always makes the object hotter.,It can change the object’s motion or shape.,It can act only on moving objects.,C,"A force can start, stop, speed up, slow down, change direction or change shape.",Direct concept,,,Topic,Approved,"Assessment-focused rebuild aligned to official LO_ID and scope notes in the P3–P6 Standard Science Curriculum Mastery Map. Standard Bank v1: audited against the MOE Primary Science Syllabus and uploaded TLGs for curriculum scope, age-appropriate language and diagnostic quality. Standard Bank v1: MOE age/scope audit 2026-09-05.",,0,,2026-09-01,2026-09-05,Sci Diagnostic MOE Scope & Language Audit
P6_INT_FORCE_C02_Q02,2,P6,P6-INT-FORCE,P6-INT-FORCE-C02,A goalkeeper catches a moving ball and brings it to rest. Which effect of force is shown?,A force can only start motion.,A force changes the ball into another material.,No force acts when an object stops.,A force can stop a moving object.,D,The goalkeeper applies a force that changes the ball’s motion until it stops.,Application,,,Pre-WA,Approved,"Assessment-focused rebuild aligned to official LO_ID and scope notes in the P3–P6 Standard Science Curriculum Mastery Map. Standard Bank v1: audited against the MOE Primary Science Syllabus and uploaded TLGs for curriculum scope, age-appropriate language and diagnostic quality. Standard Bank v1: MOE age/scope audit 2026-09-05.",,0,,2026-09-01,2026-09-05,Sci Diagnostic MOE Scope & Language Audit
P6_INT_FORCE_C02_Q03,2,P6,P6-INT-FORCE,P6-INT-FORCE-C02,A lump of soft clay is squeezed and changes shape without moving far. What does this show?,A force can change the shape of an object.,A force affects only speed.,Shape changes happen only because of heat.,No force is involved unless the clay moves across the table.,A,Forces can deform objects even without producing large movement.,Misconception probe,,,EOY,Approved,"Assessment-focused rebuild aligned to official LO_ID and scope notes in the P3–P6 Standard Science Curriculum Mastery Map. Standard Bank v1: audited against the MOE Primary Science Syllabus and uploaded TLGs for curriculum scope, age-appropriate language and diagnostic quality. Standard Bank v1: MOE age/scope audit 2026-09-05.",,0,,2026-09-01,2026-09-05,Sci Diagnostic MOE Scope & Language Audit
P6_INT_FORCE_C02_Q04,2,P6,P6-INT-FORCE,P6-INT-FORCE-C02,A moving trolley is pushed sideways and changes direction. Which effect of force is demonstrated?,A force can only change mass.,A force can change the direction of motion.,A force can only stop objects completely.,A force cannot act sideways.,B,A force can change the direction in which an object moves.,Application,,,Any,Approved,"Assessment-focused rebuild aligned to official LO_ID and scope notes in the P3–P6 Standard Science Curriculum Mastery Map. Standard Bank v1: audited against the MOE Primary Science Syllabus and uploaded TLGs for curriculum scope, age-appropriate language and diagnostic quality. Standard Bank v1: MOE age/scope audit 2026-09-05.",,0,,2026-09-01,2026-09-05,Sci Diagnostic MOE Scope & Language Audit
P6_INT_FORCE_C03_Q01,2,P6,P6-INT-FORCE,P6-INT-FORCE-C03,Which force pulls objects towards Earth?,Frictional force,Elastic spring force,Gravitational force,Magnetic force,C,Gravitational force pulls objects towards Earth.,Direct concept,,,Topic,Approved,"Assessment-focused rebuild aligned to official LO_ID and scope notes in the P3–P6 Standard Science Curriculum Mastery Map. Standard Bank v1: audited against the MOE Primary Science Syllabus and uploaded TLGs for curriculum scope, age-appropriate language and diagnostic quality. Standard Bank v1: MOE age/scope audit 2026-09-05.",,0,,2026-09-01,2026-09-05,Sci Diagnostic MOE Scope & Language Audit
P6_INT_FORCE_C03_Q02,2,P6,P6-INT-FORCE,P6-INT-FORCE-C03,A stretched spring pulls back towards its original shape. Which force is acting?,Magnetic force,Gravitational force only,Frictional force only,Elastic spring force,D,A stretched or compressed spring exerts an elastic spring force.,Application,,,Pre-WA,Approved,"Assessment-focused rebuild aligned to official LO_ID and scope notes in the P3–P6 Standard Science Curriculum Mastery Map. Standard Bank v1: audited against the MOE Primary Science Syllabus and uploaded TLGs for curriculum scope, age-appropriate language and diagnostic quality. Standard Bank v1: MOE age/scope audit 2026-09-05.",,0,,2026-09-01,2026-09-05,Sci Diagnostic MOE Scope & Language Audit
P6_INT_FORCE_C03_Q03,2,P6,P6-INT-FORCE,P6-INT-FORCE-C03,A book slides across a table and slows down. Which force mainly opposes the sliding motion?,Frictional force,Magnetic force,Elastic spring force,A force from light,A,Friction acts between surfaces and opposes sliding motion.,Misconception probe,,,EOY,Approved,"Assessment-focused rebuild aligned to official LO_ID and scope notes in the P3–P6 Standard Science Curriculum Mastery Map. Standard Bank v1: audited against the MOE Primary Science Syllabus and uploaded TLGs for curriculum scope, age-appropriate language and diagnostic quality. Standard Bank v1: MOE age/scope audit 2026-09-05.",,0,,2026-09-01,2026-09-05,Sci Diagnostic MOE Scope & Language Audit
P6_INT_FORCE_C03_Q04,2,P6,P6-INT-FORCE,P6-INT-FORCE-C03,Which force can attract a steel paper clip without direct contact?,Frictional force,Magnetic force,Elastic spring force,A pushing contact force only,B,A magnet can exert magnetic force on a magnetic material from a distance.,Application,,,Any,Approved,"Assessment-focused rebuild aligned to official LO_ID and scope notes in the P3–P6 Standard Science Curriculum Mastery Map. Standard Bank v1: audited against the MOE Primary Science Syllabus and uploaded TLGs for curriculum scope, age-appropriate language and diagnostic quality. Standard Bank v1: MOE age/scope audit 2026-09-05.",,0,,2026-09-01,2026-09-05,Sci Diagnostic MOE Scope & Language Audit
P6_INT_FORCE_C04_Q01,2,P6,P6-INT-FORCE,P6-INT-FORCE-C04,Why does an object have weight?,The object contains air.,Friction always pushes it downward.,Gravitational force acts on the object.,Its colour produces a downward force.,C,Weight is due to gravitational force acting on an object.,Direct concept,,,Topic,Approved,"Assessment-focused rebuild aligned to official LO_ID and scope notes in the P3–P6 Standard Science Curriculum Mastery Map. Standard Bank v1: audited against the MOE Primary Science Syllabus and uploaded TLGs for curriculum scope, age-appropriate language and diagnostic quality. Standard Bank v1: MOE age/scope audit 2026-09-05.",,0,,2026-09-01,2026-09-05,Sci Diagnostic MOE Scope & Language Audit
P6_INT_FORCE_C04_Q02,2,P6,P6-INT-FORCE,P6-INT-FORCE-C04,An astronaut takes the same object from Earth to a place where gravitational pull is weaker. What happens to its weight?,Its weight increases.,Its weight must stay exactly the same because gravity is unchanged everywhere.,Its mass becomes zero.,Its weight decreases.,D,Weight depends on the strength of gravitational force.,Application,,,Pre-WA,Approved,"Assessment-focused rebuild aligned to official LO_ID and scope notes in the P3–P6 Standard Science Curriculum Mastery Map. Standard Bank v1: audited against the MOE Primary Science Syllabus and uploaded TLGs for curriculum scope, age-appropriate language and diagnostic quality. Standard Bank v1: MOE age/scope audit 2026-09-05.",,0,,2026-09-01,2026-09-05,Sci Diagnostic MOE Scope & Language Audit
P6_INT_FORCE_C04_Q03,2,P6,P6-INT-FORCE,P6-INT-FORCE-C04,A pupil says a heavier object falls because it contains more “downward material.” Which correction is best?,Objects have weight because Earth exerts gravitational force on them.,Weight is a type of matter stored inside objects.,Only metal objects experience gravity.,Gravity acts only after an object begins to fall.,A,"Weight results from gravitational force, not from a substance inside the object.",Misconception probe,,,EOY,Approved,"Assessment-focused rebuild aligned to official LO_ID and scope notes in the P3–P6 Standard Science Curriculum Mastery Map. Standard Bank v1: audited against the MOE Primary Science Syllabus and uploaded TLGs for curriculum scope, age-appropriate language and diagnostic quality. Standard Bank v1: MOE age/scope audit 2026-09-05.",,0,,2026-09-01,2026-09-05,Sci Diagnostic MOE Scope & Language Audit
P6_INT_FORCE_C04_Q04,2,P6,P6-INT-FORCE,P6-INT-FORCE-C04,A spring balance is used to measure the pull of gravity on an object. What quantity is being measured?,Volume,Weight,Temperature,Length,B,"A spring balance measures force; when used for an object under gravity, it measures weight.",Application,,,Any,Approved,"Assessment-focused rebuild aligned to official LO_ID and scope notes in the P3–P6 Standard Science Curriculum Mastery Map. Standard Bank v1: audited against the MOE Primary Science Syllabus and uploaded TLGs for curriculum scope, age-appropriate language and diagnostic quality. Standard Bank v1: MOE age/scope audit 2026-09-05.",,0,,2026-09-01,2026-09-05,Sci Diagnostic MOE Scope & Language Audit
P6_INT_FORCE_P01_Q01,2,P6,P6-INT-FORCE,P6-INT-FORCE-P01,A block is pushed with the same force across a smooth surface and a rough surface. It travels farther on the smooth surface. What does this suggest?,Friction is greater on the smooth surface.,Roughness has no effect on motion.,Friction is greater on the rough surface.,The block loses mass on the rough surface.,C,Greater friction on the rough surface opposes motion more strongly.,Application,,,Topic,Approved,"Assessment-focused rebuild aligned to official LO_ID and scope notes in the P3–P6 Standard Science Curriculum Mastery Map. Standard Bank v1: audited against the MOE Primary Science Syllabus and uploaded TLGs for curriculum scope, age-appropriate language and diagnostic quality. Standard Bank v1: MOE age/scope audit 2026-09-05.",,0,,2026-09-01,2026-09-05,Sci Diagnostic MOE Scope & Language Audit
P6_INT_FORCE_P01_Q02,2,P6,P6-INT-FORCE,P6-INT-FORCE-P01,Why do tyre treads help a car on a wet road?,They remove all friction.,They reduce the car’s mass.,They increase gravitational force on the road.,They increase friction between the tyres and the road.,D,More friction improves grip and reduces slipping.,Application,,,Pre-WA,Approved,"Assessment-focused rebuild aligned to official LO_ID and scope notes in the P3–P6 Standard Science Curriculum Mastery Map. Standard Bank v1: audited against the MOE Primary Science Syllabus and uploaded TLGs for curriculum scope, age-appropriate language and diagnostic quality. Standard Bank v1: MOE age/scope audit 2026-09-05.",,0,,2026-09-01,2026-09-05,Sci Diagnostic MOE Scope & Language Audit
P6_INT_FORCE_P01_Q03,2,P6,P6-INT-FORCE,P6-INT-FORCE-P01,A pupil says friction is always unwanted. Which example shows friction is useful?,Friction between shoes and the ground helps a person walk without slipping.,Friction makes machine parts wear out.,Friction can warm rubbing surfaces.,Friction slows a sliding box.,A,"Friction can be useful when grip is needed, such as during walking.",Misconception probe,,,EOY,Approved,"Assessment-focused rebuild aligned to official LO_ID and scope notes in the P3–P6 Standard Science Curriculum Mastery Map. Standard Bank v1: audited against the MOE Primary Science Syllabus and uploaded TLGs for curriculum scope, age-appropriate language and diagnostic quality. Standard Bank v1: MOE age/scope audit 2026-09-05.",,0,,2026-09-01,2026-09-05,Sci Diagnostic MOE Scope & Language Audit
P6_INT_FORCE_P02_Q01,3,P6,P6-INT-FORCE,P6-INT-FORCE-P02,Two identical springs are stretched by different amounts. Which spring exerts the greater elastic spring force?,The spring stretched less.,The spring stretched more.,Both must exert zero force.,The force depends only on the colour of the spring.,B,"When the same type of spring is stretched more, it exerts a greater elastic spring force.",Application,,,Topic,Approved,"Assessment-focused rebuild aligned to official LO_ID and scope notes in the P3–P6 Standard Science Curriculum Mastery Map. Standard Bank v1: audited against the MOE Primary Science Syllabus and uploaded TLGs for curriculum scope, age-appropriate language and diagnostic quality. Standard Bank v1: MOE age/scope audit 2026-09-05.",,0,,2026-09-01,2026-09-05,Sci Diagnostic MOE Scope & Language Audit
P6_INT_FORCE_P02_Q02,3,P6,P6-INT-FORCE,P6-INT-FORCE-P02,A spring is compressed and then released. In which direction does the elastic spring force act?,Further in the direction of compression forever.,Only downward because of gravity.,Towards its original shape.,In a random direction unrelated to the spring.,C,Elastic spring force pushes or pulls a spring towards its original shape after it is compressed or stretched.,Application,,,Pre-WA,Approved,"Assessment-focused rebuild aligned to official LO_ID and scope notes in the P3–P6 Standard Science Curriculum Mastery Map. Standard Bank v1: audited against the MOE Primary Science Syllabus and uploaded TLGs for curriculum scope, age-appropriate language and diagnostic quality. Standard Bank v1: MOE age/scope audit 2026-09-05.",,0,,2026-09-01,2026-09-05,Sci Diagnostic MOE Scope & Language Audit
P6_INT_FORCE_P02_Q03,2,P6,P6-INT-FORCE,P6-INT-FORCE-P02,A spring is stretched too far and does not return to its original length. What is the best conclusion?,Elastic spring force always increases without limit.,The spring has become magnetic.,The spring can no longer experience any force because it is longer.,It has been stretched beyond the range where it can return fully to its original shape.,D,Overstretching can permanently change a spring so it no longer returns fully to its original length.,Misconception probe,,,EOY,Approved,"Assessment-focused rebuild aligned to official LO_ID and scope notes in the P3–P6 Standard Science Curriculum Mastery Map. Standard Bank v1: audited against the MOE Primary Science Syllabus and uploaded TLGs for curriculum scope, age-appropriate language and diagnostic quality. Standard Bank v1: MOE age/scope audit 2026-09-05.",,0,,2026-09-01,2026-09-05,Sci Diagnostic MOE Scope & Language Audit
P6_INT_ENV_C01_Q01,2,P6,P6-INT-ENV,P6-INT-ENV-C01,Which set contains factors that can affect an organism’s survival in a habitat?,"Temperature, water, food and other organisms",Only the organism’s colour,Only the amount of soil,Only the time of day,A,"Physical conditions, food availability and other organisms can all affect survival.",Direct concept,,,Topic,Approved,"Assessment-focused rebuild aligned to official LO_ID and scope notes in the P3–P6 Standard Science Curriculum Mastery Map. Standard Bank v1: audited against the MOE Primary Science Syllabus and uploaded TLGs for curriculum scope, age-appropriate language and diagnostic quality. Standard Bank v1: MOE age/scope audit 2026-09-05.",,0,,2026-09-01,2026-09-05,Sci Diagnostic MOE Scope & Language Audit
P6_INT_ENV_C01_Q02,2,P6,P6-INT-ENV,P6-INT-ENV-C01,A pond becomes shaded by a dense cover of floating plants. Which factor may most directly decrease for plants growing below the surface?,Gravitational force,Available light,Number of magnetic materials,Amount of sound energy,B,Reduced light can affect the survival of plants that need light to make food.,Application,,,Pre-WA,Approved,"Assessment-focused rebuild aligned to official LO_ID and scope notes in the P3–P6 Standard Science Curriculum Mastery Map. Standard Bank v1: audited against the MOE Primary Science Syllabus and uploaded TLGs for curriculum scope, age-appropriate language and diagnostic quality. Standard Bank v1: MOE age/scope audit 2026-09-05.",,0,,2026-09-01,2026-09-05,Sci Diagnostic MOE Scope & Language Audit
P6_INT_ENV_C01_Q03,2,P6,P6-INT-ENV,P6-INT-ENV-C01,A pupil says only non-living factors affect survival. Which example shows living things also matter?,Temperature changes during the day.,Rain changes the amount of water.,A predator can reduce the number of prey organisms.,Light levels change under shade.,C,"Other organisms, including predators, competitors and food sources, can affect survival.",Misconception probe,,,EOY,Approved,"Assessment-focused rebuild aligned to official LO_ID and scope notes in the P3–P6 Standard Science Curriculum Mastery Map. Standard Bank v1: audited against the MOE Primary Science Syllabus and uploaded TLGs for curriculum scope, age-appropriate language and diagnostic quality. Standard Bank v1: MOE age/scope audit 2026-09-05.",,0,,2026-09-01,2026-09-05,Sci Diagnostic MOE Scope & Language Audit
P6_INT_ENV_C01_Q04,2,P6,P6-INT-ENV,P6-INT-ENV-C01,A population of insects loses its main food plant. Which survival factor has changed?,Temperature only,Water only,Magnetic force,Availability of food,D,Food availability is one of the factors affecting survival.,Application,,,Any,Approved,"Assessment-focused rebuild aligned to official LO_ID and scope notes in the P3–P6 Standard Science Curriculum Mastery Map. Standard Bank v1: audited against the MOE Primary Science Syllabus and uploaded TLGs for curriculum scope, age-appropriate language and diagnostic quality. Standard Bank v1: MOE age/scope audit 2026-09-05.",,0,,2026-09-01,2026-09-05,Sci Diagnostic MOE Scope & Language Audit
P6_INT_ENV_C02_Q01,4,P6,P6-INT-ENV,P6-INT-ENV-C02,What may happen when conditions in an environment become unsuitable for an organism?,"It may survive if it has suitable adaptations, move to another place, or die.",It will always become a different kind of living thing immediately.,It can always survive without food or water.,It will automatically turn into a producer.,A,An organism's survival depends on the conditions and whether it has suitable adaptations or can move to a more suitable place.,Direct concept,,,Topic,Approved,"Assessment-focused rebuild aligned to official LO_ID and scope notes in the P3–P6 Standard Science Curriculum Mastery Map. Standard Bank v1: audited against the MOE Primary Science Syllabus and uploaded TLGs for curriculum scope, age-appropriate language and diagnostic quality. Standard Bank v1: MOE age/scope audit 2026-09-05.",,0,,2026-09-01,2026-09-05,Sci Diagnostic MOE Scope & Language Audit
P6_INT_ENV_C02_Q02,2,P6,P6-INT-ENV,P6-INT-ENV-C02,A pond dries up during a long drought. What is most likely to happen to animals that cannot tolerate the dry conditions and cannot move away?,They will immediately learn to live without water.,They may die.,They will become plants.,They will create a new pond by respiration.,B,Organisms unable to cope with or escape an unfavourable environment may die.,Application,,,Pre-WA,Approved,"Assessment-focused rebuild aligned to official LO_ID and scope notes in the P3–P6 Standard Science Curriculum Mastery Map. Standard Bank v1: audited against the MOE Primary Science Syllabus and uploaded TLGs for curriculum scope, age-appropriate language and diagnostic quality. Standard Bank v1: MOE age/scope audit 2026-09-05.",,0,,2026-09-01,2026-09-05,Sci Diagnostic MOE Scope & Language Audit
P6_INT_ENV_C02_Q03,2,P6,P6-INT-ENV,P6-INT-ENV-C02,A pupil says every organism can simply “decide” to adapt when conditions change. Which correction is best?,All adaptations appear instantly when needed.,No organism can ever survive environmental change.,"Survival depends on whether the organism already has suitable characteristics or behaviours, or can move to a better place.",Only plants are affected by environmental conditions.,C,Adaptation is not an instant decision; organisms with suitable features or behaviours are more likely to survive.,Misconception probe,,,EOY,Approved,"Assessment-focused rebuild aligned to official LO_ID and scope notes in the P3–P6 Standard Science Curriculum Mastery Map. Standard Bank v1: audited against the MOE Primary Science Syllabus and uploaded TLGs for curriculum scope, age-appropriate language and diagnostic quality. Standard Bank v1: MOE age/scope audit 2026-09-05.",,0,,2026-09-01,2026-09-05,Sci Diagnostic MOE Scope & Language Audit
P6_INT_ENV_C02_Q04,2,P6,P6-INT-ENV,P6-INT-ENV-C02,A bird population moves to another area after its nesting trees are removed. Which response to an unfavourable environment is shown?,Instant structural adaptation,Becoming non-living,Changing from consumer to producer,Moving to another place,D,Moving to a more suitable habitat is one possible response to unfavourable conditions.,Application,,,Any,Approved,"Assessment-focused rebuild aligned to official LO_ID and scope notes in the P3–P6 Standard Science Curriculum Mastery Map. Standard Bank v1: audited against the MOE Primary Science Syllabus and uploaded TLGs for curriculum scope, age-appropriate language and diagnostic quality. Standard Bank v1: MOE age/scope audit 2026-09-05.",,0,,2026-09-01,2026-09-05,Sci Diagnostic MOE Scope & Language Audit
P6_INT_ENV_C03_Q01,2,P6,P6-INT-ENV,P6-INT-ENV-C03,"In a food chain, what do arrows show?",The direction of energy transfer from one organism to the next.,The direction each organism walks.,The size of each organism.,The direction of water flow.,A,Food-chain arrows show the pathway of energy transfer.,Direct concept,,,Topic,Approved,"Assessment-focused rebuild aligned to official LO_ID and scope notes in the P3–P6 Standard Science Curriculum Mastery Map. Standard Bank v1: audited against the MOE Primary Science Syllabus and uploaded TLGs for curriculum scope, age-appropriate language and diagnostic quality. Standard Bank v1: MOE age/scope audit 2026-09-05.",,0,,2026-09-01,2026-09-05,Sci Diagnostic MOE Scope & Language Audit
P6_INT_ENV_C03_Q02,2,P6,P6-INT-ENV,P6-INT-ENV-C03,Grass → grasshopper → frog → snake. Which organism is the producer?,Grasshopper,Grass,Frog,Snake,B,The producer is the green plant that makes its own food.,Application,,,Pre-WA,Approved,"Assessment-focused rebuild aligned to official LO_ID and scope notes in the P3–P6 Standard Science Curriculum Mastery Map. Standard Bank v1: audited against the MOE Primary Science Syllabus and uploaded TLGs for curriculum scope, age-appropriate language and diagnostic quality. Standard Bank v1: MOE age/scope audit 2026-09-05.",,0,,2026-09-01,2026-09-05,Sci Diagnostic MOE Scope & Language Audit
P6_INT_ENV_C03_Q03,2,P6,P6-INT-ENV,P6-INT-ENV-C03,A pupil says the arrow in grass → rabbit points towards grass because the rabbit eats the grass. Which correction is correct?,Food-chain arrows always point towards plants.,Arrows show which organism is larger.,The arrow points towards the rabbit because energy is transferred from grass to rabbit.,Arrows are unrelated to feeding relationships.,C,Arrows point in the direction that energy moves through feeding.,Misconception probe,,,EOY,Approved,"Assessment-focused rebuild aligned to official LO_ID and scope notes in the P3–P6 Standard Science Curriculum Mastery Map. Standard Bank v1: audited against the MOE Primary Science Syllabus and uploaded TLGs for curriculum scope, age-appropriate language and diagnostic quality. Standard Bank v1: MOE age/scope audit 2026-09-05.",,0,,2026-09-01,2026-09-05,Sci Diagnostic MOE Scope & Language Audit
P6_INT_ENV_C03_Q04,2,P6,P6-INT-ENV,P6-INT-ENV-C03,"If a predator population decreases greatly, what may happen first to one of its prey populations, assuming other factors remain similar?",The prey must immediately become extinct.,The producer population must always increase first.,Energy stops entering the food web.,The prey population may increase.,D,"With fewer predators, more prey may survive initially.",Application,,,Any,Approved,"Assessment-focused rebuild aligned to official LO_ID and scope notes in the P3–P6 Standard Science Curriculum Mastery Map. Standard Bank v1: audited against the MOE Primary Science Syllabus and uploaded TLGs for curriculum scope, age-appropriate language and diagnostic quality. Standard Bank v1: MOE age/scope audit 2026-09-05.",,0,,2026-09-01,2026-09-05,Sci Diagnostic MOE Scope & Language Audit
P6_INT_ENV_C04_Q01,2,P6,P6-INT-ENV,P6-INT-ENV-C04,What is a population?,A group of organisms of the same kind living and reproducing in the same place at the same time.,One individual living thing,All the different populations living together,Only the non-living parts of a habitat,A,A population consists of organisms of the same kind in a particular place and time.,Direct concept,,,Topic,Approved,"Assessment-focused rebuild aligned to official LO_ID and scope notes in the P3–P6 Standard Science Curriculum Mastery Map. Standard Bank v1: audited against the MOE Primary Science Syllabus and uploaded TLGs for curriculum scope, age-appropriate language and diagnostic quality. Standard Bank v1: MOE age/scope audit 2026-09-05.",,0,,2026-09-01,2026-09-05,Sci Diagnostic MOE Scope & Language Audit
P6_INT_ENV_C04_Q02,2,P6,P6-INT-ENV,P6-INT-ENV-C04,"A pond contains guppies, snails and water plants. Which group forms a community?",One guppy only,All the populations of living things in the pond together,Only the guppy population,The water and temperature only,B,A community consists of many populations living together in one place.,Application,,,Pre-WA,Approved,"Assessment-focused rebuild aligned to official LO_ID and scope notes in the P3–P6 Standard Science Curriculum Mastery Map. Standard Bank v1: audited against the MOE Primary Science Syllabus and uploaded TLGs for curriculum scope, age-appropriate language and diagnostic quality. Standard Bank v1: MOE age/scope audit 2026-09-05.",,0,,2026-09-01,2026-09-05,Sci Diagnostic MOE Scope & Language Audit
P6_INT_ENV_C04_Q03,2,P6,P6-INT-ENV,P6-INT-ENV-C04,A pupil calls one frog a population. Which correction is best?,One frog is a community.,Every organism is automatically a population.,One frog is an organism; a population would contain frogs of the same kind living together.,A population contains only non-living factors.,C,An individual is an organism; a group of the same kind forms a population.,Misconception probe,,,EOY,Approved,"Assessment-focused rebuild aligned to official LO_ID and scope notes in the P3–P6 Standard Science Curriculum Mastery Map. Standard Bank v1: audited against the MOE Primary Science Syllabus and uploaded TLGs for curriculum scope, age-appropriate language and diagnostic quality. Standard Bank v1: MOE age/scope audit 2026-09-05.",,0,,2026-09-01,2026-09-05,Sci Diagnostic MOE Scope & Language Audit
P6_INT_ENV_C04_Q04,2,P6,P6-INT-ENV,P6-INT-ENV-C04,"A school garden has 20 ants of one kind, 6 butterflies, 3 birds and several plants. Which is an example of a population?",All animals and plants together,One bird,"The soil, air and light",The 20 ants of the same kind,D,The ants of the same kind living together form one population.,Application,,,Any,Approved,"Assessment-focused rebuild aligned to official LO_ID and scope notes in the P3–P6 Standard Science Curriculum Mastery Map. Standard Bank v1: audited against the MOE Primary Science Syllabus and uploaded TLGs for curriculum scope, age-appropriate language and diagnostic quality. Standard Bank v1: MOE age/scope audit 2026-09-05.",,0,,2026-09-01,2026-09-05,Sci Diagnostic MOE Scope & Language Audit
P6_INT_ENV_C05_Q01,3,P6,P6-INT-ENV,P6-INT-ENV-C05,Which statement about habitats is correct?,Different habitats can support different communities of organisms.,Every habitat supports exactly the same community.,A habitat contains only one kind of organism.,Only water habitats contain communities.,A,Differences in conditions and resources mean different habitats can support different communities.,Direct concept,,,Topic,Approved,"Assessment-focused rebuild aligned to official LO_ID and scope notes in the P3–P6 Standard Science Curriculum Mastery Map. Standard Bank v1: audited against the MOE Primary Science Syllabus and uploaded TLGs for curriculum scope, age-appropriate language and diagnostic quality. Standard Bank v1: MOE age/scope audit 2026-09-05.",,0,,2026-09-01,2026-09-05,Sci Diagnostic MOE Scope & Language Audit
P6_INT_ENV_C05_Q02,2,P6,P6-INT-ENV,P6-INT-ENV-C05,Why might a mangrove swamp support a different community from a dry field?,All organisms can live equally well in every habitat.,The habitats differ in physical conditions and available resources.,The names of the habitats decide which organisms appear.,Communities depend only on the colour of the soil.,B,Different environmental conditions and resources favour different organisms.,Application,,,Pre-WA,Approved,"Assessment-focused rebuild aligned to official LO_ID and scope notes in the P3–P6 Standard Science Curriculum Mastery Map. Standard Bank v1: audited against the MOE Primary Science Syllabus and uploaded TLGs for curriculum scope, age-appropriate language and diagnostic quality. Standard Bank v1: MOE age/scope audit 2026-09-05.",,0,,2026-09-01,2026-09-05,Sci Diagnostic MOE Scope & Language Audit
P6_INT_ENV_C05_Q03,3,P6,P6-INT-ENV,P6-INT-ENV-C05,A pupil says two ponds must contain exactly the same living things because both are ponds. Which response is best?,All ponds must contain the same kinds of living things.,A pond cannot support more than one population.,"Even similar habitat types can differ in conditions, so their communities need not be identical.",Only gardens have communities.,C,"Communities depend on the actual conditions and organisms present, not just the habitat label.",Misconception probe,,,EOY,Approved,"Assessment-focused rebuild aligned to official LO_ID and scope notes in the P3–P6 Standard Science Curriculum Mastery Map. Standard Bank v1: audited against the MOE Primary Science Syllabus and uploaded TLGs for curriculum scope, age-appropriate language and diagnostic quality. Standard Bank v1: MOE age/scope audit 2026-09-05.",,0,,2026-09-01,2026-09-05,Sci Diagnostic MOE Scope & Language Audit
P6_INT_ENV_C05_Q04,3,P6,P6-INT-ENV,P6-INT-ENV-C05,Which pair is most likely to support noticeably different communities?,Two neighbouring patches of the same lawn under identical conditions,Two identical tanks containing the same organisms,Two leaves on the same plant only,A seashore and a freshwater pond,D,A seashore and a freshwater pond differ greatly in conditions such as the amount of salt in the water and exposure.,Application,,,Any,Approved,"Assessment-focused rebuild aligned to official LO_ID and scope notes in the P3–P6 Standard Science Curriculum Mastery Map. Standard Bank v1: audited against the MOE Primary Science Syllabus and uploaded TLGs for curriculum scope, age-appropriate language and diagnostic quality. Standard Bank v1: MOE age/scope audit 2026-09-05.",,0,,2026-09-01,2026-09-05,Sci Diagnostic MOE Scope & Language Audit
P6_INT_ENV_C06_Q01,2,P6,P6-INT-ENV,P6-INT-ENV-C06,What is the difference between a structural and a behavioural adaptation?,A structural adaptation is a body feature; a behavioural adaptation is an action.,Both are body features only.,Both are actions only.,Structural adaptations are learned while behaviours are always body parts.,A,"Structural adaptations concern physical features, while behavioural adaptations concern actions.",Direct concept,,,Topic,Approved,"Assessment-focused rebuild aligned to official LO_ID and scope notes in the P3–P6 Standard Science Curriculum Mastery Map. Standard Bank v1: audited against the MOE Primary Science Syllabus and uploaded TLGs for curriculum scope, age-appropriate language and diagnostic quality. Standard Bank v1: MOE age/scope audit 2026-09-05.",,0,,2026-09-01,2026-09-05,Sci Diagnostic MOE Scope & Language Audit
P6_INT_ENV_C06_Q02,2,P6,P6-INT-ENV,P6-INT-ENV-C06,A stick insect has a body shaped like a twig and remains still when danger is near. Which pairing is correct?,Twig-like body — behavioural; remaining still — structural,Twig-like body — structural; remaining still — behavioural,Both are structural only,Both are behavioural only,B,"The body shape is a physical feature, while remaining still is an action.",Application,,,Pre-WA,Approved,"Assessment-focused rebuild aligned to official LO_ID and scope notes in the P3–P6 Standard Science Curriculum Mastery Map. Standard Bank v1: audited against the MOE Primary Science Syllabus and uploaded TLGs for curriculum scope, age-appropriate language and diagnostic quality. Standard Bank v1: MOE age/scope audit 2026-09-05.",,0,,2026-09-01,2026-09-05,Sci Diagnostic MOE Scope & Language Audit
P6_INT_ENV_C06_Q03,3,P6,P6-INT-ENV,P6-INT-ENV-C06,A cactus has a thick stem that stores water. Why is this considered an adaptation?,Any unusual feature is an adaptation even if it has no survival value.,Adaptations occur only in animals.,The feature helps the plant cope with dry conditions and survive.,A structural adaptation must involve movement.,C,An adaptation is a feature or behaviour that helps an organism survive or reproduce.,Misconception probe,,,EOY,Approved,"Assessment-focused rebuild aligned to official LO_ID and scope notes in the P3–P6 Standard Science Curriculum Mastery Map. Standard Bank v1: audited against the MOE Primary Science Syllabus and uploaded TLGs for curriculum scope, age-appropriate language and diagnostic quality. Standard Bank v1: MOE age/scope audit 2026-09-05.",,0,,2026-09-01,2026-09-05,Sci Diagnostic MOE Scope & Language Audit
P6_INT_ENV_C06_Q04,2,P6,P6-INT-ENV,P6-INT-ENV-C06,Hooks on a fruit attach to an animal’s fur and carry the fruit away. How does this adaptation help the plant?,It lets the plant breathe through the fruit.,It turns the fruit into a predator.,It prevents the plant from reproducing.,It helps disperse the fruit or seeds to new places.,D,The hooks help dispersal by attaching to passing animals.,Application,,,Any,Approved,"Assessment-focused rebuild aligned to official LO_ID and scope notes in the P3–P6 Standard Science Curriculum Mastery Map. Standard Bank v1: audited against the MOE Primary Science Syllabus and uploaded TLGs for curriculum scope, age-appropriate language and diagnostic quality. Standard Bank v1: MOE age/scope audit 2026-09-05.",,0,,2026-09-01,2026-09-05,Sci Diagnostic MOE Scope & Language Audit
P6_INT_ENV_C07_Q01,3,P6,P6-INT-ENV,P6-INT-ENV-C07,Which is a negative human impact on the environment?,Deforestation,Reforestation,Conservation of habitats,Protecting a nature reserve,A,Deforestation removes habitats and can reduce the variety of living things.,Direct concept,,,Topic,Approved,"Assessment-focused rebuild aligned to official LO_ID and scope notes in the P3–P6 Standard Science Curriculum Mastery Map. Standard Bank v1: audited against the MOE Primary Science Syllabus and uploaded TLGs for curriculum scope, age-appropriate language and diagnostic quality. Standard Bank v1: MOE age/scope audit 2026-09-05.",,0,,2026-09-01,2026-09-05,Sci Diagnostic MOE Scope & Language Audit
P6_INT_ENV_C07_Q02,3,P6,P6-INT-ENV,P6-INT-ENV-C07,A community plants native trees in an area that was previously cleared. Which positive impact is this?,It increases habitat loss.,Reforestation can restore habitat for organisms.,It is a form of water pollution.,It depletes natural resources by removing more trees.,B,Reforestation replaces trees and can restore habitats for organisms.,Application,,,Pre-WA,Approved,"Assessment-focused rebuild aligned to official LO_ID and scope notes in the P3–P6 Standard Science Curriculum Mastery Map. Standard Bank v1: audited against the MOE Primary Science Syllabus and uploaded TLGs for curriculum scope, age-appropriate language and diagnostic quality. Standard Bank v1: MOE age/scope audit 2026-09-05.",,0,,2026-09-01,2026-09-05,Sci Diagnostic MOE Scope & Language Audit
P6_INT_ENV_C07_Q03,3,P6,P6-INT-ENV,P6-INT-ENV-C07,A pupil says all human activities harm the environment. Which example shows this is not always true?,Dumping waste into a river,Clearing a forest for unnecessary land use,Conserving a wetland habitat,Burning more fuel and causing more air pollution.,C,Conservation is a positive human action that can protect environments.,Misconception probe,,,EOY,Approved,"Assessment-focused rebuild aligned to official LO_ID and scope notes in the P3–P6 Standard Science Curriculum Mastery Map. Standard Bank v1: audited against the MOE Primary Science Syllabus and uploaded TLGs for curriculum scope, age-appropriate language and diagnostic quality. Standard Bank v1: MOE age/scope audit 2026-09-05.",,0,,2026-09-01,2026-09-05,Sci Diagnostic MOE Scope & Language Audit
P6_INT_ENV_C07_Q04,2,P6,P6-INT-ENV,P6-INT-ENV-C07,Which action is most likely to reduce negative impact on natural resources?,Dispose of waste in waterways.,Remove forests without replacement.,Increase unnecessary use of disposable materials.,Use resources carefully and support conservation.,D,Careful resource use and conservation can reduce environmental harm.,Application,,,Any,Approved,"Assessment-focused rebuild aligned to official LO_ID and scope notes in the P3–P6 Standard Science Curriculum Mastery Map. Standard Bank v1: audited against the MOE Primary Science Syllabus and uploaded TLGs for curriculum scope, age-appropriate language and diagnostic quality. Standard Bank v1: MOE age/scope audit 2026-09-05.",,0,,2026-09-01,2026-09-05,Sci Diagnostic MOE Scope & Language Audit
P6_INT_ENV_P01_Q01,2,P6,P6-INT-ENV,P6-INT-ENV-P01,A class studies a pond. Which set of records would best describe interacting factors in the environment?,"Water temperature, light level, types and numbers of organisms, and observations of feeding relationships",Only the colour of the pond container,Only the names of the pupils observing,Only the time the class arrived,A,"Useful environmental records include physical factors, organisms and interactions.",Application,,,Topic,Approved,"Assessment-focused rebuild aligned to official LO_ID and scope notes in the P3–P6 Standard Science Curriculum Mastery Map. Standard Bank v1: audited against the MOE Primary Science Syllabus and uploaded TLGs for curriculum scope, age-appropriate language and diagnostic quality. Standard Bank v1: MOE age/scope audit 2026-09-05.",,0,,2026-09-01,2026-09-05,Sci Diagnostic MOE Scope & Language Audit
P6_INT_ENV_P01_Q02,2,P6,P6-INT-ENV,P6-INT-ENV-P01,Pupils compare a sunny and shaded part of a garden. What should they do to make their observations useful?,Observe different factors in each place so the records cannot be compared.,Measure or record the same relevant factors in both places and compare the results.,Record only opinions about which place looks nicer.,Change the habitats before taking any measurements.,B,Consistent observations and measurements allow meaningful comparison of interacting environmental factors.,Application,,,Pre-WA,Approved,"Assessment-focused rebuild aligned to official LO_ID and scope notes in the P3–P6 Standard Science Curriculum Mastery Map. Standard Bank v1: audited against the MOE Primary Science Syllabus and uploaded TLGs for curriculum scope, age-appropriate language and diagnostic quality. Standard Bank v1: MOE age/scope audit 2026-09-05.",,0,,2026-09-01,2026-09-05,Sci Diagnostic MOE Scope & Language Audit
P6_INT_ENV_P01_Q03,2,P6,P6-INT-ENV,P6-INT-ENV-P01,A pupil counts snails in a pond once and concludes temperature has no effect on them. Why is this conclusion weak?,Any single observation proves a cause.,Temperature can never affect organisms.,One count without comparing conditions or repeated observations does not show the relationship between the factors.,Counting organisms is never useful in environmental studies.,C,Investigating interactions requires relevant observations across conditions and enough evidence to support a relationship.,Misconception probe,,,EOY,Approved,"Assessment-focused rebuild aligned to official LO_ID and scope notes in the P3–P6 Standard Science Curriculum Mastery Map. Standard Bank v1: audited against the MOE Primary Science Syllabus and uploaded TLGs for curriculum scope, age-appropriate language and diagnostic quality. Standard Bank v1: MOE age/scope audit 2026-09-05.",,0,,2026-09-01,2026-09-05,Sci Diagnostic MOE Scope & Language Audit
P3_DIV_LNL_C01_Q05,2,P3,P3-DIV-LNL,P3-DIV-LNL-C01,A small animal has enough water but is kept in a sealed container with no fresh air entering. Which need of living things is not being met?,It does not have enough light.,It cannot reproduce because all living things reproduce every day.,It cannot grow because water stops growth.,It does not have enough air.,D,Living things need air to survive.,Application,,,Any,Approved,"Assessment-focused rebuild aligned to official LO_ID and scope notes in the P3–P6 Standard Science Curriculum Mastery Map. Standard Bank v1: audited against the MOE Primary Science Syllabus and uploaded TLGs for curriculum scope, age-appropriate language and diagnostic quality. Standard Bank v1: MOE age/scope audit 2026-09-05.",,0,,2026-09-01,2026-09-05,Sci Diagnostic MOE Scope & Language Audit
P3_DIV_LNL_C01_Q06,2,P3,P3-DIV-LNL,P3-DIV-LNL-C01,A pupil says plants do not need food because they do not eat the way animals do. Which correction is best?,Plants need food for energy but make their own food instead of eating it.,Plants do not need energy.,Soil itself is the food absorbed by roots.,Only animals are living things that need food.,A,Plants are living things and need food; they make their own food rather than feeding like animals.,Misconception probe,,,Any,Approved,"Assessment-focused rebuild aligned to official LO_ID and scope notes in the P3–P6 Standard Science Curriculum Mastery Map. Standard Bank v1: audited against the MOE Primary Science Syllabus and uploaded TLGs for curriculum scope, age-appropriate language and diagnostic quality. Standard Bank v1: MOE age/scope audit 2026-09-05.",,0,,2026-09-01,2026-09-05,Sci Diagnostic MOE Scope & Language Audit
P3_DIV_LNL_C02_Q05,3,P3,P3-DIV-LNL,P3-DIV-LNL-C02,Which observation best shows how fungi such as mould and mushrooms differ from green plants?,Fungi are non-living.,Fungi do not make their own food in the same way as green plants.,Fungi always have flowers.,Fungi are all animals.,B,Fungi are a broad group of living things that is different from plants.,Application,,,Any,Approved,"Assessment-focused rebuild aligned to official LO_ID and scope notes in the P3–P6 Standard Science Curriculum Mastery Map. Standard Bank v1: audited against the MOE Primary Science Syllabus and uploaded TLGs for curriculum scope, age-appropriate language and diagnostic quality. Standard Bank v1: MOE age/scope audit 2026-09-05.",,0,,2026-09-01,2026-09-05,Sci Diagnostic MOE Scope & Language Audit
P3_DIV_LNL_C02_Q06,2,P3,P3-DIV-LNL,P3-DIV-LNL-C02,Which statement about bacteria is correct at this level?,Bacteria are a type of flowering plant.,All bacteria are animals.,Bacteria form a broad group of very tiny living things.,Bacteria are non-living because they are small.,C,Bacteria are recognised as a broad group of living things.,Direct concept,,,Any,Approved,"Assessment-focused rebuild aligned to official LO_ID and scope notes in the P3–P6 Standard Science Curriculum Mastery Map. Standard Bank v1: audited against the MOE Primary Science Syllabus and uploaded TLGs for curriculum scope, age-appropriate language and diagnostic quality. Standard Bank v1: MOE age/scope audit 2026-09-05.",,0,,2026-09-01,2026-09-05,Sci Diagnostic MOE Scope & Language Audit
P3_DIV_MAT_P01_Q04,2,P3,P3-DIV-MAT,P3-DIV-MAT-P01,A pupil places drops of water on two materials. Water soaks into Material X but remains on Material Y. What property is being compared?,Their strength only,Their flexibility only,Their ability to float only,Whether the materials are waterproof.,D,A waterproof material does not absorb water.,Application,,,Any,Approved,"Assessment-focused rebuild aligned to official LO_ID and scope notes in the P3–P6 Standard Science Curriculum Mastery Map. Standard Bank v1: audited against the MOE Primary Science Syllabus and uploaded TLGs for curriculum scope, age-appropriate language and diagnostic quality. Standard Bank v1: MOE age/scope audit 2026-09-05.",,0,,2026-09-01,2026-09-05,Sci Diagnostic MOE Scope & Language Audit
P3_DIV_MAT_P01_Q05,3,P3,P3-DIV-MAT,P3-DIV-MAT-P01,"A pupil places three sheets over printed words. Through Sheet A the words are clear, through B they are blurry, and through C they cannot be seen. What property is being compared?",How much light each material allows to pass through.,How strongly each material attracts magnets,How much mass each material has,How much weight each material can support,A,"Transparency is compared by whether most, some or no light passes through the material.",Application,,,Any,Approved,"Assessment-focused rebuild aligned to official LO_ID and scope notes in the P3–P6 Standard Science Curriculum Mastery Map. Standard Bank v1: audited against the MOE Primary Science Syllabus and uploaded TLGs for curriculum scope, age-appropriate language and diagnostic quality. Standard Bank v1: MOE age/scope audit 2026-09-05.",,0,,2026-09-01,2026-09-05,Sci Diagnostic MOE Scope & Language Audit
P3_CYC_LC_P02_Q04,2,P3,P3-CYC-LC,P3-CYC-LC-P02,Which pair both have three-stage life cycles?,Butterfly and mosquito,Chicken and grasshopper,Beetle and butterfly,Mosquito and beetle,B,"Chicken and grasshopper have three-stage life cycles, unlike the listed four-stage insects.",Application,,,Any,Approved,"Assessment-focused rebuild aligned to official LO_ID and scope notes in the P3–P6 Standard Science Curriculum Mastery Map. Standard Bank v1: audited against the MOE Primary Science Syllabus and uploaded TLGs for curriculum scope, age-appropriate language and diagnostic quality. Standard Bank v1: MOE age/scope audit 2026-09-05.",,0,,2026-09-01,2026-09-05,Sci Diagnostic MOE Scope & Language Audit
P3_CYC_LC_P02_Q05,2,P3,P3-CYC-LC,P3-CYC-LC-P02,Which sequence correctly describes a mosquito life cycle?,Egg → nymph → adult,Seed → young plant → adult plant,Egg → larva → pupa → adult,Egg → chick → adult,C,"Mosquitoes have a four-stage life cycle: egg, larva, pupa and adult.",Application,,,Any,Approved,"Assessment-focused rebuild aligned to official LO_ID and scope notes in the P3–P6 Standard Science Curriculum Mastery Map. Standard Bank v1: audited against the MOE Primary Science Syllabus and uploaded TLGs for curriculum scope, age-appropriate language and diagnostic quality. Standard Bank v1: MOE age/scope audit 2026-09-05.",,0,,2026-09-01,2026-09-05,Sci Diagnostic MOE Scope & Language Audit
P3_INT_MAG_C02_Q05,2,P3,P3-INT-MAG,P3-INT-MAG-C02,Which materials can be used to make a magnet at this level?,Glass or rubber,Wood or paper,Copper or plastic only,Iron or steel,D,The syllabus identifies iron and steel as materials from which magnets can be made.,Direct concept,,,Any,Approved,"Assessment-focused rebuild aligned to official LO_ID and scope notes in the P3–P6 Standard Science Curriculum Mastery Map. Standard Bank v1: audited against the MOE Primary Science Syllabus and uploaded TLGs for curriculum scope, age-appropriate language and diagnostic quality. Standard Bank v1: MOE age/scope audit 2026-09-05.",,0,,2026-09-01,2026-09-05,Sci Diagnostic MOE Scope & Language Audit
P4_SYS_DIG_C02_Q05,2,P4,P4-SYS-DIG,P4-SYS-DIG-C02,Which statement correctly compares the mouth and stomach in digestion?,"The mouth breaks food into smaller pieces, while the stomach mixes food with digestive juices.","The mouth absorbs most digested food, while the stomach absorbs water from undigested food.","The mouth only transports food, while the stomach has no role in digestion.",Both parts only move food and do not help digestion.,A,The mouth begins digestion through chewing and the stomach mixes food with digestive juices.,Application,,,Any,Approved,"Assessment-focused rebuild aligned to official LO_ID and scope notes in the P3–P6 Standard Science Curriculum Mastery Map. Standard Bank v1: audited against the MOE Primary Science Syllabus and uploaded TLGs for curriculum scope, age-appropriate language and diagnostic quality. Standard Bank v1: MOE age/scope audit 2026-09-05.",,0,,2026-09-01,2026-09-05,Sci Diagnostic MOE Scope & Language Audit
P4_ENE_LIGHT_P01_Q04,3,P4,P4-ENE-LIGHT,P4-ENE-LIGHT-P01,A torch and object stay fixed. What usually happens to the shadow size on a screen if the screen is moved farther from the object?,The shadow becomes smaller.,The shadow becomes larger.,The shadow disappears because light stops travelling in straight lines.,The object becomes a light source.,B,Moving the screen farther from the object makes the shadow larger on the screen.,Application,,,Any,Approved,"Assessment-focused rebuild aligned to official LO_ID and scope notes in the P3–P6 Standard Science Curriculum Mastery Map. Standard Bank v1: audited against the MOE Primary Science Syllabus and uploaded TLGs for curriculum scope, age-appropriate language and diagnostic quality. Standard Bank v1: MOE age/scope audit 2026-09-05.",,0,,2026-09-01,2026-09-05,Sci Diagnostic MOE Scope & Language Audit
P4_ENE_HEAT_C07_Q05,2,P4,P4-ENE-HEAT,P4-ENE-HEAT-C07,Why does the liquid level in a thermometer rise when the thermometer is warmed?,The liquid loses heat and contracts.,The glass creates extra liquid.,The liquid gains heat and expands.,The liquid changes into a solid.,C,Heating causes the thermometer liquid to expand.,Application,,,Any,Approved,"Assessment-focused rebuild aligned to official LO_ID and scope notes in the P3–P6 Standard Science Curriculum Mastery Map. Standard Bank v1: audited against the MOE Primary Science Syllabus and uploaded TLGs for curriculum scope, age-appropriate language and diagnostic quality. Standard Bank v1: MOE age/scope audit 2026-09-05.",,0,,2026-09-01,2026-09-05,Sci Diagnostic MOE Scope & Language Audit
P4_ENE_HEAT_C07_Q06,2,P4,P4-ENE-HEAT,P4-ENE-HEAT-C07,A tightly capped flexible bottle is warmed and its sides bulge outward. What is the best explanation?,The air loses heat and contracts.,The bottle creates extra air from nothing.,Heat removes all the air from the bottle.,The air inside gains heat and expands.,D,"Gases can expand when they gain heat, pushing on the flexible bottle walls.",Application,,,Any,Approved,"Assessment-focused rebuild aligned to official LO_ID and scope notes in the P3–P6 Standard Science Curriculum Mastery Map. Standard Bank v1: audited against the MOE Primary Science Syllabus and uploaded TLGs for curriculum scope, age-appropriate language and diagnostic quality. Standard Bank v1: MOE age/scope audit 2026-09-05.",,0,,2026-09-01,2026-09-05,Sci Diagnostic MOE Scope & Language Audit
P5_CYC_REP_C03_Q05,2,P5,P5-CYC-REP,P5-CYC-REP-C03,"A seed is given suitable water, air and warmth and begins to grow into a young plant. Which reproductive process is being observed?",Germination,Pollination,Fertilisation,Seed dispersal,A,Germination is the process in which a seed begins to grow into a young plant.,Application,,,Any,Approved,"Assessment-focused rebuild aligned to official LO_ID and scope notes in the P3–P6 Standard Science Curriculum Mastery Map. Standard Bank v1: audited against the MOE Primary Science Syllabus and uploaded TLGs for curriculum scope, age-appropriate language and diagnostic quality. Standard Bank v1: MOE age/scope audit 2026-09-05.",,0,,2026-09-01,2026-09-05,Sci Diagnostic MOE Scope & Language Audit
P5_CYC_WATER_P03_Q04,2,P5,P5-CYC-WATER,P5-CYC-WATER-P03,Two identical trays contain equal amounts of water and have the same exposed surface area and wind conditions. One is kept warmer. Which should lose water faster by evaporation?,The cooler tray,The warmer tray,Both must lose water at exactly the same rate because temperature does not matter.,Neither can evaporate unless the water boils.,B,Higher temperature increases the rate of evaporation when other factors are kept the same.,Application,,,Any,Approved,"Assessment-focused rebuild aligned to official LO_ID and scope notes in the P3–P6 Standard Science Curriculum Mastery Map. Standard Bank v1: audited against the MOE Primary Science Syllabus and uploaded TLGs for curriculum scope, age-appropriate language and diagnostic quality. Standard Bank v1: MOE age/scope audit 2026-09-05.",,0,,2026-09-01,2026-09-05,Sci Diagnostic MOE Scope & Language Audit
P5_SYS_HUMAN_C02_Q05,2,P5,P5-SYS-HUMAN,P5-SYS-HUMAN-C02,What is the main role of blood vessels?,They exchange gases directly with outside air like the lungs.,They digest food in the stomach.,They provide pathways for blood to travel around the body.,They produce blood by pumping like the heart.,C,Blood vessels are the tubes through which blood travels around the body.,Direct concept,,,Any,Approved,"Assessment-focused rebuild aligned to official LO_ID and scope notes in the P3–P6 Standard Science Curriculum Mastery Map. Standard Bank v1: audited against the MOE Primary Science Syllabus and uploaded TLGs for curriculum scope, age-appropriate language and diagnostic quality. Standard Bank v1: MOE age/scope audit 2026-09-05.",,0,,2026-09-01,2026-09-05,Sci Diagnostic MOE Scope & Language Audit
P6_ENE_PHOTO_P01_Q04,2,P6,P6-ENE-PHOTO,P6-ENE-PHOTO-P01,Which substances are produced during photosynthesis?,Carbon dioxide and water,Nitrogen and mineral salts,Heat and soil,Sugar and oxygen,D,"Photosynthesis uses water, carbon dioxide and light energy to produce sugar and oxygen.",Direct concept,,,Any,Approved,"Assessment-focused rebuild aligned to official LO_ID and scope notes in the P3–P6 Standard Science Curriculum Mastery Map. Standard Bank v1: audited against the MOE Primary Science Syllabus and uploaded TLGs for curriculum scope, age-appropriate language and diagnostic quality. Standard Bank v1: MOE age/scope audit 2026-09-05.",,0,,2026-09-01,2026-09-05,Sci Diagnostic MOE Scope & Language Audit
P6_ENE_CONV_C02_Q05,2,P6,P6-ENE-CONV,P6-ENE-CONV-C02,Which form of energy is carried through the wires of a working simple circuit?,Electrical energy,Sound energy only,Potential energy only,Heat energy only,A,A working circuit transfers electrical energy through its conducting path.,Application,,,Any,Approved,"Assessment-focused rebuild aligned to official LO_ID and scope notes in the P3–P6 Standard Science Curriculum Mastery Map. Standard Bank v1: audited against the MOE Primary Science Syllabus and uploaded TLGs for curriculum scope, age-appropriate language and diagnostic quality. Standard Bank v1: MOE age/scope audit 2026-09-05.",,0,,2026-09-01,2026-09-05,Sci Diagnostic MOE Scope & Language Audit
P6_ENE_CONV_C02_Q06,2,P6,P6-ENE-CONV,P6-ENE-CONV-C02,A ringing bell becomes warm while producing a sound. Which forms of energy are clearly present in the output?,Only potential energy,Sound energy and heat energy,Only light energy,Only electrical energy with no other forms,B,A ringing bell produces sound and some heat as energy is converted.,Application,,,Any,Approved,"Assessment-focused rebuild aligned to official LO_ID and scope notes in the P3–P6 Standard Science Curriculum Mastery Map. Standard Bank v1: audited against the MOE Primary Science Syllabus and uploaded TLGs for curriculum scope, age-appropriate language and diagnostic quality. Standard Bank v1: MOE age/scope audit 2026-09-05.",,0,,2026-09-01,2026-09-05,Sci Diagnostic MOE Scope & Language Audit
P6_INT_ENV_C03_Q05,2,P6,P6-INT-ENV,P6-INT-ENV-C03,"In the food chain grass → rabbit → fox, which organism is a consumer and also prey?",Grass,Fox only,Rabbit,The Sun,C,"The rabbit consumes the grass and can be eaten by the fox, so it is both a consumer and prey.",Direct concept,,,Any,Approved,"Assessment-focused rebuild aligned to official LO_ID and scope notes in the P3–P6 Standard Science Curriculum Mastery Map. Standard Bank v1: audited against the MOE Primary Science Syllabus and uploaded TLGs for curriculum scope, age-appropriate language and diagnostic quality. Standard Bank v1: MOE age/scope audit 2026-09-05.",,0,,2026-09-01,2026-09-05,Sci Diagnostic MOE Scope & Language Audit
P6_INT_ENV_C03_Q06,3,P6,P6-INT-ENV,P6-INT-ENV-C03,A food web has several predators feeding on the same mouse population. Why is a food web more informative than a single food chain?,It shows only one possible feeding path.,It records only non-living factors.,It proves every organism eats exactly one kind of food.,It shows multiple feeding relationships and energy pathways in the community.,D,"A food web shows many feeding relationships between organisms, rather than one simple food chain.",Application,,,Any,Approved,"Assessment-focused rebuild aligned to official LO_ID and scope notes in the P3–P6 Standard Science Curriculum Mastery Map. Standard Bank v1: audited against the MOE Primary Science Syllabus and uploaded TLGs for curriculum scope, age-appropriate language and diagnostic quality. Standard Bank v1: MOE age/scope audit 2026-09-05.",,0,,2026-09-01,2026-09-05,Sci Diagnostic MOE Scope & Language Audit
P6_INT_ENV_C06_Q05,3,P6,P6-INT-ENV,P6-INT-ENV-C06,A male bird performs a courtship display that helps attract a mate. What type and purpose of adaptation is this?,A behavioural adaptation that helps the bird attract a mate and reproduce.,A structural adaptation for absorbing water.,A behavioural adaptation that prevents reproduction.,A structural adaptation for making food.,A,"Courtship is an action, so it is behavioural, and it can help the organism reproduce.",Application,,,Any,Approved,"Assessment-focused rebuild aligned to official LO_ID and scope notes in the P3–P6 Standard Science Curriculum Mastery Map. Standard Bank v1: audited against the MOE Primary Science Syllabus and uploaded TLGs for curriculum scope, age-appropriate language and diagnostic quality. Standard Bank v1: MOE age/scope audit 2026-09-05.",,0,,2026-09-01,2026-09-05,Sci Diagnostic MOE Scope & Language Audit
P6_INT_ENV_P01_Q04,2,P6,P6-INT-ENV,P6-INT-ENV-P01,Why is it useful to repeat environmental observations on several days instead of relying on one visit?,One visit always proves every interaction.,Repeated records can show whether patterns are consistent as conditions change.,Repeated observations remove the need to measure any factors.,Environmental factors never change over time.,B,Repeated observations provide stronger evidence about patterns and interactions in an environment.,Application,,,Any,Approved,"Assessment-focused rebuild aligned to official LO_ID and scope notes in the P3–P6 Standard Science Curriculum Mastery Map. Standard Bank v1: audited against the MOE Primary Science Syllabus and uploaded TLGs for curriculum scope, age-appropriate language and diagnostic quality. Standard Bank v1: MOE age/scope audit 2026-09-05.",,0,,2026-09-01,2026-09-05,Sci Diagnostic MOE Scope & Language Audit
P3_DIV_LNL_C01_Q07,1,P3,P3-DIV-LNL,P3-DIV-LNL-C01,A bean plant later produces seeds that can grow into new bean plants. Which characteristic of living things does this show?,Living things are always green.,Living things can only move from place to place.,Living things reproduce.,Living things never change as they grow.,C,Producing new individuals of the same kind is reproduction.,Direct concept,"TLG Key Idea: Living things grow, respond to changes and reproduce.",,Any,Approved,"TLG-strengthened candidate aligned to the assessment-focused official LO_ID and uploaded MOE Primary Science TLG. Standard Bank v1: audited against the MOE Primary Science Syllabus and uploaded TLGs for curriculum scope, age-appropriate language and diagnostic quality. Standard Bank v1: MOE age/scope audit 2026-09-05.",,0,,2026-09-01,2026-09-05,Sci Diagnostic MOE Scope & Language Audit
P3_DIV_LNL_P01_Q04,2,P3,P3-DIV-LNL,P3-DIV-LNL-P01,A pupil watches a robot and a seedling for several days. The robot moves when its sensor detects an obstacle. The seedling grows and bends towards light. What does this show?,Anything that moves must be living.,Anything that responds to light must be non-living.,A living thing must move from place to place.,Moving or responding by itself is not enough to decide that something is living.,D,"We use the full set of characteristics to decide whether something is living, not just movement or one response.",Misconception probe,TLG Key Idea: There are living and non-living things.,Anything that moves is a living thing.,Any,Approved,"TLG-strengthened candidate aligned to the assessment-focused official LO_ID and uploaded MOE Primary Science TLG. Standard Bank v1: audited against the MOE Primary Science Syllabus and uploaded TLGs for curriculum scope, age-appropriate language and diagnostic quality. Standard Bank v1: MOE age/scope audit 2026-09-05.",,0,,2026-09-01,2026-09-05,Sci Diagnostic MOE Scope & Language Audit
P3_DIV_LNL_P02_Q04,3,P3,P3-DIV-LNL,P3-DIV-LNL-P02,Animal X has feathers and a beak but cannot fly. Which statement is correct?,"Animal X can still be classified as a bird because classification uses important characteristics, not just whether it can fly.",Animal X cannot be a bird because every bird must fly.,Animal X must be an insect because it has a beak.,Animal X cannot be classified unless its colour is known.,A,Animal groups are identified using important observable characteristics. A bird does not need to fly to be a bird.,Application,,,Any,Approved,"TLG-strengthened candidate aligned to the assessment-focused official LO_ID and uploaded MOE Primary Science TLG. Standard Bank v1: audited against the MOE Primary Science Syllabus and uploaded TLGs for curriculum scope, age-appropriate language and diagnostic quality. Standard Bank v1: MOE age/scope audit 2026-09-05.",,0,,2026-09-01,2026-09-05,Sci Diagnostic MOE Scope & Language Audit
P3_DIV_MAT_C01_Q05,1,P3,P3-DIV-MAT,P3-DIV-MAT-C01,A pair of swimming goggles has clear plastic lenses and a flexible rubber strap. Why are different materials used for the two parts?,Every object must be made from at least two materials.,Different parts need different properties for their functions.,Rubber always lets more light pass through than clear plastic.,Clear plastic is used only because it is heavier than rubber.,B,"The lenses need to allow light through, while the strap needs to bend and fit around the head.",Application,,Objects are made of only one type of material.,Any,Approved,"TLG-strengthened candidate aligned to the assessment-focused official LO_ID and uploaded MOE Primary Science TLG. Standard Bank v1: audited against the MOE Primary Science Syllabus and uploaded TLGs for curriculum scope, age-appropriate language and diagnostic quality. Standard Bank v1: MOE age/scope audit 2026-09-05.",,0,,2026-09-01,2026-09-05,Sci Diagnostic MOE Scope & Language Audit
P3_DIV_MAT_P01_Q06,2,P3,P3-DIV-MAT,P3-DIV-MAT-P01,Two objects are both made of plastic. One floats in water while the other sinks. What can the pupil conclude?,"All plastic objects must float, so the observation is impossible.",All plastic objects must sink if they are large enough.,Knowing only that both objects are plastic is not enough to predict whether each one will float or sink.,The floating object cannot be made of plastic.,C,"Different plastic objects can behave differently in water, so the actual objects should be tested rather than assuming that all plastics float.",Misconception probe,,All plastic objects float on water.,Any,Approved,"TLG-strengthened candidate aligned to the assessment-focused official LO_ID and uploaded MOE Primary Science TLG. Standard Bank v1: audited against the MOE Primary Science Syllabus and uploaded TLGs for curriculum scope, age-appropriate language and diagnostic quality. Standard Bank v1: MOE age/scope audit 2026-09-05.",,0,,2026-09-01,2026-09-05,Sci Diagnostic MOE Scope & Language Audit
P3_CYC_LC_C01_Q05,2,P3,P3-CYC-LC,P3-CYC-LC-C01,A life cycle is shown as a circle with arrows joining one stage to the next. Why is it not correct to say that one stage is always the first stage?,Every life cycle must begin with an egg.,Every life cycle must begin with a seed.,The arrows in a life cycle do not show any order.,"A life cycle repeats, so the stages continue from one generation to the next.",D,A life cycle is cyclic: the adult produces a new generation and the sequence repeats.,Misconception probe,,The first stage of each life cycle is the egg.,Any,Approved,"TLG-strengthened candidate aligned to the assessment-focused official LO_ID and uploaded MOE Primary Science TLG. Standard Bank v1: audited against the MOE Primary Science Syllabus and uploaded TLGs for curriculum scope, age-appropriate language and diagnostic quality. Standard Bank v1: MOE age/scope audit 2026-09-05.",,0,,2026-09-01,2026-09-05,Sci Diagnostic MOE Scope & Language Audit
P3_CYC_LC_P01_Q04,2,P3,P3-CYC-LC,P3-CYC-LC-P01,A pupil wants to compare how two bean plants grown from seeds change over four weeks. Which record would best help the pupil compare the two plants?,Record the height and visible changes of both plants at regular intervals.,Look at only one plant at the end of four weeks.,Record only the colour of the pots.,Measure one plant every day but never observe the other.,A,Regular observations of both plants over time allow their growth and life-cycle changes to be compared.,Application,,,Any,Approved,"TLG-strengthened candidate aligned to the assessment-focused official LO_ID and uploaded MOE Primary Science TLG. Standard Bank v1: audited against the MOE Primary Science Syllabus and uploaded TLGs for curriculum scope, age-appropriate language and diagnostic quality. Standard Bank v1: MOE age/scope audit 2026-09-05.",,0,,2026-09-01,2026-09-05,Sci Diagnostic MOE Scope & Language Audit
P3_CYC_LC_P02_Q06,1,P3,P3-CYC-LC,P3-CYC-LC-P02,"A grasshopper has the stages egg, nymph and adult, while a butterfly has egg, larva, pupa and adult stages. What does this show?",All insects have exactly four stages.,Different insects can have different life cycles.,A nymph and a pupa are the same stage in every insect.,Only butterflies have a life cycle.,B,The two insects differ in both the number and type of stages in their life cycles.,Misconception probe,,All insects have the same life cycle.,Any,Approved,"TLG-strengthened candidate aligned to the assessment-focused official LO_ID and uploaded MOE Primary Science TLG. Standard Bank v1: audited against the MOE Primary Science Syllabus and uploaded TLGs for curriculum scope, age-appropriate language and diagnostic quality. Standard Bank v1: MOE age/scope audit 2026-09-05.",,0,,2026-09-01,2026-09-05,Sci Diagnostic MOE Scope & Language Audit
P3_INT_MAG_C02_Q06,1,P3,P3-INT-MAG,P3-INT-MAG-C02,A bar magnet is lowered into a pile of identical steel clips. Which parts of the magnet are expected to attract the most clips?,Only the exact centre.,Every part must attract exactly the same number.,The two poles.,Only the side with the label.,C,A magnet has two poles where its attraction is strongest.,Direct concept,TLG Key Idea: A magnet has two poles where attraction is the strongest.,,Any,Approved,"TLG-strengthened candidate aligned to the assessment-focused official LO_ID and uploaded MOE Primary Science TLG. Standard Bank v1: audited against the MOE Primary Science Syllabus and uploaded TLGs for curriculum scope, age-appropriate language and diagnostic quality. Standard Bank v1: MOE age/scope audit 2026-09-05.",,0,,2026-09-01,2026-09-05,Sci Diagnostic MOE Scope & Language Audit
P3_INT_MAG_C02_Q07,1,P3,P3-INT-MAG,P3-INT-MAG-C02,"A small bar magnet attracts 8 identical steel clips, while a larger bar magnet attracts 3. What can be concluded?",The larger magnet must be stronger because it is bigger.,The smaller magnet cannot be a real magnet.,All magnets of the same shape have the same strength.,The size of a magnet alone does not determine how strong its pull is.,D,"The smaller magnet attracted more clips, showing that physical size alone does not determine magnetic strength.",Misconception probe,TLG Key Idea: A magnet has two poles where attraction is the strongest.,Bigger magnets are stronger than smaller magnets.,Any,Approved,"TLG-strengthened candidate aligned to the assessment-focused official LO_ID and uploaded MOE Primary Science TLG. Standard Bank v1: audited against the MOE Primary Science Syllabus and uploaded TLGs for curriculum scope, age-appropriate language and diagnostic quality. Standard Bank v1: MOE age/scope audit 2026-09-05.",,0,,2026-09-01,2026-09-05,Sci Diagnostic MOE Scope & Language Audit
P3_INT_MAG_P01_Q04,2,P3,P3-INT-MAG,P3-INT-MAG-P01,Object X is attracted to both poles of a known magnet. Object Y repels the north pole of the magnet. What does this show?,"X could be a magnetic material, while Y must be a magnet.",Both X and Y must be non-magnetic.,X must be a magnet because attraction proves an object is a magnet.,Y cannot be a magnet because magnets only attract.,A,A magnetic material can be attracted by either pole. Repulsion shows that Y is a magnet.,Application,TLG Key Idea: Unlike poles attract and like poles repel.,An object is a magnet if it attracts another magnet.,Any,Approved,"TLG-strengthened candidate aligned to the assessment-focused official LO_ID and uploaded MOE Primary Science TLG. Standard Bank v1: audited against the MOE Primary Science Syllabus and uploaded TLGs for curriculum scope, age-appropriate language and diagnostic quality. Standard Bank v1: MOE age/scope audit 2026-09-05.",,0,,2026-09-01,2026-09-05,Sci Diagnostic MOE Scope & Language Audit
P3_INT_MAG_P02_Q04,2,P3,P3-INT-MAG,P3-INT-MAG-P02,Method A strokes an iron nail many times in one direction using one pole of a bar magnet. Method B uses a coil of wire around an iron nail connected to batteries. What are these two methods called?,Neither method can make a magnet.,A is the stroke method and B is the electrical method of making a magnet.,A is the electrical method and B is the stroke method.,Only A can make iron or steel magnetic.,B,A is the stroke method. B is the electrical method of making a magnet.,Application,TLG Key Idea: Iron and steel can be made into magnets using the stroke method or electrical method.,,Any,Approved,"TLG-strengthened candidate aligned to the assessment-focused official LO_ID and uploaded MOE Primary Science TLG. Standard Bank v1: audited against the MOE Primary Science Syllabus and uploaded TLGs for curriculum scope, age-appropriate language and diagnostic quality. Standard Bank v1: MOE age/scope audit 2026-09-05.",,0,,2026-09-01,2026-09-05,Sci Diagnostic MOE Scope & Language Audit
P4_SYS_PLANT_C01_Q05,1,P4,P4-SYS-PLANT,P4-SYS-PLANT-C01,"A pupil says, 'The roots take in the plant's food from the soil.' Which correction is best?",Roots take in food but not water.,Leaves take in all water from the soil.,Roots take in water and mineral salts; the plant makes its own food.,The stem makes food by absorbing soil.,C,Roots absorb water and mineral salts. Food is made by the plant rather than taken from the soil as food.,Misconception probe,"TLG Key Idea: The parts of a plant include the leaf, stem and root. Each part has a different function to help the plant live.",Plants obtain their 'food' from the soil through their roots.,Any,Approved,"TLG-strengthened candidate aligned to the assessment-focused official LO_ID and uploaded MOE Primary Science TLG. Standard Bank v1: audited against the MOE Primary Science Syllabus and uploaded TLGs for curriculum scope, age-appropriate language and diagnostic quality. Standard Bank v1: MOE age/scope audit 2026-09-05.",,0,,2026-09-01,2026-09-05,Sci Diagnostic MOE Scope & Language Audit
P4_SYS_PLANT_C01_Q06,1,P4,P4-SYS-PLANT,P4-SYS-PLANT-C01,"After rain, water droplets are seen on a plant's leaves. A pupil concludes that leaves are the main parts that take in water for the plant. Which response is correct?",The leaves take in all the water the plant needs.,The stem takes in water directly from the air.,Water droplets on leaves prove that roots are unnecessary.,The roots are the main parts that take in water for the plant.,D,"At this level, roots take in water and mineral salts; water seen on leaves does not show that leaves are the main water-absorbing part.",Misconception probe,"TLG Key Idea: The parts of a plant include the leaf, stem and root. Each part has a different function to help the plant live.",Plants take in water through the leaves instead of the roots.,Any,Approved,"TLG-strengthened candidate aligned to the assessment-focused official LO_ID and uploaded MOE Primary Science TLG. Standard Bank v1: audited against the MOE Primary Science Syllabus and uploaded TLGs for curriculum scope, age-appropriate language and diagnostic quality. Standard Bank v1: MOE age/scope audit 2026-09-05.",,0,,2026-09-01,2026-09-05,Sci Diagnostic MOE Scope & Language Audit
P4_SYS_PLANT_P01_Q04,1,P4,P4-SYS-PLANT,P4-SYS-PLANT-P01,A pupil observes two plants in the school garden. Which set of observations is most useful for comparing their plant parts?,"Record the features of their roots, stems and leaves.",Record only the colour of the flower pots.,Record how many people walk past the plants.,Record only the time of day.,A,"Observing roots, stems and leaves directly supports comparison of plant parts.",Application,"TLG Key Idea: The parts of a plant include the leaf, stem and root.",,Any,Approved,"TLG-strengthened candidate aligned to the assessment-focused official LO_ID and uploaded MOE Primary Science TLG. Standard Bank v1: audited against the MOE Primary Science Syllabus and uploaded TLGs for curriculum scope, age-appropriate language and diagnostic quality. Standard Bank v1: MOE age/scope audit 2026-09-05.",,0,,2026-09-01,2026-09-05,Sci Diagnostic MOE Scope & Language Audit
P4_SYS_DIG_C02_Q06,1,P4,P4-SYS-DIG,P4-SYS-DIG-C02,A pupil says digestion starts only after food reaches the stomach. Which statement corrects this idea?,Digestion begins in the gullet.,Digestion begins in the mouth.,Digestion begins in the large intestine.,Digestion begins only after undigested food leaves the body.,B,"Food begins to be broken down in the mouth, so digestion does not start only in the stomach.",Misconception probe,TLG Key Idea: The human digestive system is made up of different parts and each part plays an important function.,Digestion begins in the stomach.,Any,Approved,"TLG-strengthened candidate aligned to the assessment-focused official LO_ID and uploaded MOE Primary Science TLG. Standard Bank v1: audited against the MOE Primary Science Syllabus and uploaded TLGs for curriculum scope, age-appropriate language and diagnostic quality. Standard Bank v1: MOE age/scope audit 2026-09-05.",,0,,2026-09-01,2026-09-05,Sci Diagnostic MOE Scope & Language Audit
P4_SYS_DIG_C02_Q07,2,P4,P4-SYS-DIG,P4-SYS-DIG-C02,Why does chewing food into smaller pieces help digestion?,It removes all water from the food.,It causes the gullet to make digestive juices.,It increases the surface area of food in contact with digestive juices.,It causes digested food to be absorbed in the mouth.,C,"Smaller pieces expose more surface area to digestive juices, helping food to be digested more quickly.",Application,TLG Key Idea: The parts of the digestive system work together to break down food in the human body.,,Any,Approved,"TLG-strengthened candidate aligned to the assessment-focused official LO_ID and uploaded MOE Primary Science TLG. Standard Bank v1: audited against the MOE Primary Science Syllabus and uploaded TLGs for curriculum scope, age-appropriate language and diagnostic quality. Standard Bank v1: MOE age/scope audit 2026-09-05.",,0,,2026-09-01,2026-09-05,Sci Diagnostic MOE Scope & Language Audit
P4_CYC_MAT_C02_Q05,1,P4,P4-CYC-MAT,P4-CYC-MAT-C02,"A pupil presses a lump of plasticine into a different shape and says, 'It cannot be a solid because its shape changed.' Which response is best?",Plasticine becomes a liquid whenever it is pressed.,Any solid that changes shape becomes a gas.,Solids can never be reshaped by a force.,Plasticine is still a solid; a force was used to change its shape.,D,A solid has a definite shape unless a force changes it; reshaping plasticine does not make it a liquid or gas.,Misconception probe,"TLG Key Idea: Solids, liquids and gases differ in whether they have definite shape and/or volume.",,Any,Approved,"TLG-strengthened candidate aligned to the assessment-focused official LO_ID and uploaded MOE Primary Science TLG. Standard Bank v1: audited against the MOE Primary Science Syllabus and uploaded TLGs for curriculum scope, age-appropriate language and diagnostic quality. Standard Bank v1: MOE age/scope audit 2026-09-05.",,0,,2026-09-01,2026-09-05,Sci Diagnostic MOE Scope & Language Audit
P4_CYC_MAT_P01_Q04,1,P4,P4-CYC-MAT,P4-CYC-MAT-P01,A pupil wants to measure the mass of a stone. Which apparatus should be used?,An electronic balance.,A measuring cylinder only.,A thermometer.,A stopwatch.,A,An electronic balance is used to measure mass.,Application,TLG Key Idea: Mass and volume of matter can be measured using appropriate apparatus.,,Any,Approved,"TLG-strengthened candidate aligned to the assessment-focused official LO_ID and uploaded MOE Primary Science TLG. Standard Bank v1: audited against the MOE Primary Science Syllabus and uploaded TLGs for curriculum scope, age-appropriate language and diagnostic quality. Standard Bank v1: MOE age/scope audit 2026-09-05.",,0,,2026-09-01,2026-09-05,Sci Diagnostic MOE Scope & Language Audit
P4_ENE_LIGHT_C01_Q05,1,P4,P4-ENE-LIGHT,P4-ENE-LIGHT-C01,A dull sheet of paper can be seen when a lamp is switched on. What does this show?,Only shiny objects reflect light.,Dull objects can reflect light into our eyes.,The paper produces its own light.,Our eyes send light to the paper.,B,"We can see a non-light source when light reflects from it into our eyes, even if its surface is dull.",Misconception probe,TLG Key Idea: We can see objects because they are sources of light or reflect light.,"Only smooth, shiny objects like mirrors reflect light; dull and rough objects do not reflect light.",Any,Approved,"TLG-strengthened candidate aligned to the assessment-focused official LO_ID and uploaded MOE Primary Science TLG. Standard Bank v1: audited against the MOE Primary Science Syllabus and uploaded TLGs for curriculum scope, age-appropriate language and diagnostic quality. Standard Bank v1: MOE age/scope audit 2026-09-05.",,0,,2026-09-01,2026-09-05,Sci Diagnostic MOE Scope & Language Audit
P4_ENE_LIGHT_C02_Q05,2,P4,P4-ENE-LIGHT,P4-ENE-LIGHT-C02,"A shadow is cast on an electronic balance. The reading does not increase, and a pupil can stand in the shadow. What does this show?",A shadow is a solid with very little mass.,A shadow is a liquid that spreads across the floor.,A shadow is not matter.,A shadow is a gas that fills the room.,C,Matter has mass and occupies space; a shadow does neither.,Misconception probe,TLG Key Idea: A shadow is formed when light is completely or partially blocked by an object.,Shadow is matter.,Any,Approved,"TLG-strengthened candidate aligned to the assessment-focused official LO_ID and uploaded MOE Primary Science TLG. Standard Bank v1: audited against the MOE Primary Science Syllabus and uploaded TLGs for curriculum scope, age-appropriate language and diagnostic quality. Standard Bank v1: MOE age/scope audit 2026-09-05.",,0,,2026-09-01,2026-09-05,Sci Diagnostic MOE Scope & Language Audit
P4_ENE_LIGHT_P01_Q05,2,P4,P4-ENE-LIGHT,P4-ENE-LIGHT-P01,"A torch is directly above an object, forming a shadow on the ground. The torch is moved to one side while the object stays still. What is most likely to happen to the shadow?",It disappears because the object has not moved.,It must become shorter whenever the torch moves sideways.,Its position and length cannot be affected by the light source.,Its position changes and it becomes longer.,D,The position of the light source affects both the position and length of the shadow; side lighting gives a longer shadow than overhead lighting.,Application,TLG Key Idea: The position of the source of light affects the position and length of the shadow formed.,,Any,Approved,"TLG-strengthened candidate aligned to the assessment-focused official LO_ID and uploaded MOE Primary Science TLG. Standard Bank v1: audited against the MOE Primary Science Syllabus and uploaded TLGs for curriculum scope, age-appropriate language and diagnostic quality. Standard Bank v1: MOE age/scope audit 2026-09-05.",,0,,2026-09-01,2026-09-05,Sci Diagnostic MOE Scope & Language Audit
P4_ENE_HEAT_C01_Q05,1,P4,P4-ENE-HEAT,P4-ENE-HEAT-C01,A pupil says a blanket is a source of heat because it keeps a person warm. Which explanation is correct?,A blanket reduces heat loss from the body; it does not produce the heat that keeps the person warm.,A blanket creates heat whenever it touches skin.,A blanket is hotter than fire.,A blanket turns coldness into heat.,A,"Blankets trap air, which is a poor conductor of heat, and reduce heat loss from the body.",Misconception probe,,Objects that keep us warm are sources of heat.,Any,Approved,"TLG-strengthened candidate aligned to the assessment-focused official LO_ID and uploaded MOE Primary Science TLG. Standard Bank v1: audited against the MOE Primary Science Syllabus and uploaded TLGs for curriculum scope, age-appropriate language and diagnostic quality. Standard Bank v1: MOE age/scope audit 2026-09-05.",,0,,2026-09-01,2026-09-05,Sci Diagnostic MOE Scope & Language Audit
P4_ENE_HEAT_C05_Q05,1,P4,P4-ENE-HEAT,P4-ENE-HEAT-C05,"Ice cubes are added to a glass of warm juice. A pupil says, 'Coldness flowed from the ice into the juice.' Which explanation is correct?",Coldness flows from the ice into the juice as a form of energy.,Heat flows from the warmer juice to the colder ice.,Heat flows from the colder ice into the warmer juice.,No heat transfer occurs because ice is a solid.,B,The juice cools because it loses heat to the colder ice; 'coldness' is not something that flows.,Misconception probe,TLG Key Idea: Heat flows from a hotter to a colder object/region/place until both reach the same temperature.,Coldness travels.,Any,Approved,"TLG-strengthened candidate aligned to the assessment-focused official LO_ID and uploaded MOE Primary Science TLG. Standard Bank v1: audited against the MOE Primary Science Syllabus and uploaded TLGs for curriculum scope, age-appropriate language and diagnostic quality. Standard Bank v1: MOE age/scope audit 2026-09-05.",,0,,2026-09-01,2026-09-05,Sci Diagnostic MOE Scope & Language Audit
P4_ENE_HEAT_C08_Q05,1,P4,P4-ENE-HEAT,P4-ENE-HEAT-C08,Why can a foam container help keep hot soup hot and also help keep ice cream cold?,Foam produces heat for hot food and coldness for cold food.,Poor conductors can only keep objects cold.,Foam is a poor conductor and slows heat flow in either direction.,Foam stops temperature from existing.,C,"A poor conductor slows heat transfer, so it can reduce heat loss from hot contents and heat gain by cold contents.",Misconception probe,TLG Key Idea: Heat affects temperature depending on how well heat is conducted by materials.,"Poor conductors of heat help to keep things cool only, while good conductors help to keep things warm only.",Any,Approved,"TLG-strengthened candidate aligned to the assessment-focused official LO_ID and uploaded MOE Primary Science TLG. Standard Bank v1: audited against the MOE Primary Science Syllabus and uploaded TLGs for curriculum scope, age-appropriate language and diagnostic quality. Standard Bank v1: MOE age/scope audit 2026-09-05.",,0,,2026-09-01,2026-09-05,Sci Diagnostic MOE Scope & Language Audit
P4_ENE_HEAT_P01_Q04,1,P4,P4-ENE-HEAT,P4-ENE-HEAT-P01,A pupil wants to record the temperature of water every minute for 20 minutes without reading a thermometer by eye each time. Which tool is most suitable?,A ruler connected to a timer.,A measuring cylinder only.,A spring balance.,A temperature sensor connected to a datalogger.,D,A temperature sensor with a datalogger can measure and record temperature repeatedly over time.,Application,,,Any,Approved,"TLG-strengthened candidate aligned to the assessment-focused official LO_ID and uploaded MOE Primary Science TLG. Standard Bank v1: audited against the MOE Primary Science Syllabus and uploaded TLGs for curriculum scope, age-appropriate language and diagnostic quality. Standard Bank v1: MOE age/scope audit 2026-09-05.",,0,,2026-09-01,2026-09-05,Sci Diagnostic MOE Scope & Language Audit
P5_CYC_REP_C02_Q05,2,P5,P5-CYC-REP,P5-CYC-REP-C02,"A pupil says, 'I got my hair type from one parent and my other characteristics only from the other parent.' Which statement is more accurate?",Many characteristics are passed from both parents to their offspring.,Each inherited characteristic always comes entirely from only one parent.,Offspring inherit no characteristics from their parents.,An offspring must have exactly the same characteristics as one parent.,A,"During sexual reproduction, characteristics are passed from both parents to their offspring.",Misconception probe,TLG Key Idea: Many characteristics of an organism are passed on from parents to offspring.,"Offspring inherits certain characteristics from one parent, and other characteristics from another parent.",Any,Approved,"TLG-strengthened candidate aligned to the assessment-focused official LO_ID and uploaded MOE Primary Science TLG. Standard Bank v1: audited against the MOE Primary Science Syllabus and uploaded TLGs for curriculum scope, age-appropriate language and diagnostic quality. Standard Bank v1: MOE age/scope audit 2026-09-05.",,0,,2026-09-01,2026-09-05,Sci Diagnostic MOE Scope & Language Audit
P5_CYC_REP_C03_Q06,1,P5,P5-CYC-REP,P5-CYC-REP-C03,"Four identical seeds are each given water, air and a suitable temperature. One seed is kept in darkness. What should a pupil expect if all other conditions are suitable?",The seed cannot germinate because every seed needs light to start germination.,The seed in darkness can still germinate because light is not one of the required conditions for germination.,Only the seed in darkness will germinate.,Seeds need light but do not need air for germination.,B,"The stated requirements for germination are water, oxygen and a suitable temperature; light is not required for germination.",Misconception probe,,,Any,Approved,"TLG-strengthened candidate aligned to the assessment-focused official LO_ID and uploaded MOE Primary Science TLG. Standard Bank v1: audited against the MOE Primary Science Syllabus and uploaded TLGs for curriculum scope, age-appropriate language and diagnostic quality. Standard Bank v1: MOE age/scope audit 2026-09-05.",,0,,2026-09-01,2026-09-05,Sci Diagnostic MOE Scope & Language Audit
P5_CYC_REP_P01_Q04,1,P5,P5-CYC-REP,P5-CYC-REP-P01,A pupil compares a fern producing spores with a bean plant producing seeds. What is the pupil investigating?,How plants absorb water through roots.,How plants transport food in stems.,Different ways in which plants reproduce.,How flowers make light energy.,C,"Ferns can reproduce using spores, while flowering plants such as beans reproduce using seeds.",Application,,All plants reproduce by seeds.,Any,Approved,"TLG-strengthened candidate aligned to the assessment-focused official LO_ID and uploaded MOE Primary Science TLG. Standard Bank v1: audited against the MOE Primary Science Syllabus and uploaded TLGs for curriculum scope, age-appropriate language and diagnostic quality. Standard Bank v1: MOE age/scope audit 2026-09-05.",,0,,2026-09-01,2026-09-05,Sci Diagnostic MOE Scope & Language Audit
P5_CYC_WATER_C02_Q05,1,P5,P5-CYC-WATER,P5-CYC-WATER-C02,Which statement correctly compares evaporation and boiling?,Evaporation occurs only at the boiling point.,Boiling changes water vapour into liquid water.,Evaporation can happen only when bubbles form throughout the water.,"Both change liquid water to water vapour, but evaporation can occur below the boiling point.",D,Both are liquid-to-gas changes; evaporation can take place at temperatures below the boiling point.,Misconception probe,,Evaporation only occurs when water is boiling or when there is a direct heat source.,Any,Approved,"TLG-strengthened candidate aligned to the assessment-focused official LO_ID and uploaded MOE Primary Science TLG. Standard Bank v1: audited against the MOE Primary Science Syllabus and uploaded TLGs for curriculum scope, age-appropriate language and diagnostic quality. Standard Bank v1: MOE age/scope audit 2026-09-05.",,0,,2026-09-01,2026-09-05,Sci Diagnostic MOE Scope & Language Audit
P5_CYC_WATER_P01_Q04,1,P5,P5-CYC-WATER,P5-CYC-WATER-P01,"A pupil compares ice, liquid water and water vapour. Which comparison is correct?","Ice has a definite shape and volume, liquid water has a definite volume but takes the container's shape, and water vapour has neither a definite shape nor a definite volume.",All three have a definite shape.,Only liquid water has a definite volume.,Water vapour has a definite shape but no definite volume.,A,"The three states of water differ in shape and volume in the same way as solids, liquids and gases.",Application,,,Any,Approved,"TLG-strengthened candidate aligned to the assessment-focused official LO_ID and uploaded MOE Primary Science TLG. Standard Bank v1: audited against the MOE Primary Science Syllabus and uploaded TLGs for curriculum scope, age-appropriate language and diagnostic quality. Standard Bank v1: MOE age/scope audit 2026-09-05.",,0,,2026-09-01,2026-09-05,Sci Diagnostic MOE Scope & Language Audit
P5_CYC_WATER_P02_Q04,1,P5,P5-CYC-WATER,P5-CYC-WATER-P02,Liquid water at its freezing point is changing into ice while it continues to lose heat. What happens to its temperature during the change of state?,It must keep falling continuously throughout freezing.,It remains at the freezing point until the change of state is complete.,It immediately rises to the boiling point.,It becomes warmer because ice is a solid.,B,"During freezing at the fixed freezing point, water loses heat while its temperature remains constant until the change is complete.",Misconception probe,,The temperature changes continuously during a change of state.,Any,Approved,"TLG-strengthened candidate aligned to the assessment-focused official LO_ID and uploaded MOE Primary Science TLG. Standard Bank v1: audited against the MOE Primary Science Syllabus and uploaded TLGs for curriculum scope, age-appropriate language and diagnostic quality. Standard Bank v1: MOE age/scope audit 2026-09-05.",,0,,2026-09-01,2026-09-05,Sci Diagnostic MOE Scope & Language Audit
P5_SYS_PLANT_C01_Q05,1,P5,P5-SYS-PLANT,P5-SYS-PLANT-C01,A pupil says water-carrying tubes are found only in the stem. Which correction is best?,Water-carrying tubes are found only in leaves.,Roots have no connection to the plant's water transport pathway.,Water-carrying tubes form a pathway from the roots through the stem to other parts such as the leaves.,Food and water always travel through one single tube.,C,Water absorbed by roots is carried through connected water-carrying tubes to other parts of the plant.,Misconception probe,,Water-carrying tubes are found only in stems.,Any,Approved,"TLG-strengthened candidate aligned to the assessment-focused official LO_ID and uploaded MOE Primary Science TLG. Standard Bank v1: audited against the MOE Primary Science Syllabus and uploaded TLGs for curriculum scope, age-appropriate language and diagnostic quality. Standard Bank v1: MOE age/scope audit 2026-09-05.",,0,,2026-09-01,2026-09-05,Sci Diagnostic MOE Scope & Language Audit
P5_SYS_PLANT_P01_Q04,2,P5,P5-SYS-PLANT,P5-SYS-PLANT-P01,"A celery stalk is placed in coloured water. Later, coloured lines are seen in the stalk and leaves. What does this show?",Food made by leaves moves only down the outside of the stem.,The leaves absorb all coloured water directly from the air.,The colour proves that water and food use exactly the same tube.,Water is transported through continuous water-carrying pathways from the lower part of the plant towards the leaves.,D,The movement of colour with the water traces the water-transport pathway through the plant.,Application,,,Any,Approved,"TLG-strengthened candidate aligned to the assessment-focused official LO_ID and uploaded MOE Primary Science TLG. Standard Bank v1: audited against the MOE Primary Science Syllabus and uploaded TLGs for curriculum scope, age-appropriate language and diagnostic quality. Standard Bank v1: MOE age/scope audit 2026-09-05.",,0,,2026-09-01,2026-09-05,Sci Diagnostic MOE Scope & Language Audit
P5_SYS_HUMAN_P01_Q04,2,P5,P5-SYS-HUMAN,P5-SYS-HUMAN-P01,"Which comparison of gas exchange in plants, fish and humans is correct?","All exchange gases with their surroundings, but they use different structures to do so.",Only humans take in oxygen and give out carbon dioxide.,Fish use lungs exactly like humans.,Plants do not exchange gases with their surroundings.,A,"Plants, fish and humans all exchange gases, using different structures suited to each organism.",Application,,,Any,Approved,"TLG-strengthened candidate aligned to the assessment-focused official LO_ID and uploaded MOE Primary Science TLG. Standard Bank v1: audited against the MOE Primary Science Syllabus and uploaded TLGs for curriculum scope, age-appropriate language and diagnostic quality. Standard Bank v1: MOE age/scope audit 2026-09-05.",,0,,2026-09-01,2026-09-05,Sci Diagnostic MOE Scope & Language Audit
P5_SYS_HUMAN_P02_Q04,2,P5,P5-SYS-HUMAN,P5-SYS-HUMAN-P02,Which comparison of transport in plants and humans is correct?,Plants and humans both use a heart to pump water through roots.,"Plants use transport tubes for water and food, while humans use blood vessels to transport substances such as oxygen and digested food.",Humans use separate food-carrying and water-carrying tubes like plants.,Plants have blood vessels that transport oxygen around the plant.,B,"Plants use tubes for water and food, while the human circulatory system uses blood vessels.",Application,,,Any,Approved,"TLG-strengthened candidate aligned to the assessment-focused official LO_ID and uploaded MOE Primary Science TLG. Standard Bank v1: audited against the MOE Primary Science Syllabus and uploaded TLGs for curriculum scope, age-appropriate language and diagnostic quality. Standard Bank v1: MOE age/scope audit 2026-09-05.",,0,,2026-09-01,2026-09-05,Sci Diagnostic MOE Scope & Language Audit
P5_SYS_ELEC_C02_Q05,1,P5,P5-SYS-ELEC,P5-SYS-ELEC-C02,A circuit is opened by disconnecting one wire. A pupil says current still flows from the battery up to the gap and then turns back. Which statement is correct?,Current flows only as far as the gap and then reverses.,Current jumps across every gap if the battery is connected.,No current flows anywhere in the circuit because there is no complete path.,Only the bulb receives current in an open circuit.,C,"An open circuit has no continuous path, so current does not flow through any part of it.",Misconception probe,TLG Key Idea: Current flows through a closed circuit.,"In an open circuit, current flows to the part where there is a gap and 'turns back' to the battery.",Any,Approved,"TLG-strengthened candidate aligned to the assessment-focused official LO_ID and uploaded MOE Primary Science TLG. Standard Bank v1: audited against the MOE Primary Science Syllabus and uploaded TLGs for curriculum scope, age-appropriate language and diagnostic quality. Standard Bank v1: MOE age/scope audit 2026-09-05.",,0,,2026-09-01,2026-09-05,Sci Diagnostic MOE Scope & Language Audit
P5_SYS_ELEC_P01_Q04,1,P5,P5-SYS-ELEC,P5-SYS-ELEC-P01,"A circuit diagram shows a battery connected to two separate branches, with one bulb in each branch. What should the pupil build?",One single path with both bulbs touching but no wires.,Two bulbs that are not connected back to the battery.,A circuit with one branch made entirely of plastic.,"Two separate conducting paths from the battery, with one bulb in each path.",D,"The physical circuit should match the connections shown by the diagram, including the two separate branches.",Application,TLG Key Idea: Circuit diagrams can represent simple circuits.,,Any,Approved,"TLG-strengthened candidate aligned to the assessment-focused official LO_ID and uploaded MOE Primary Science TLG. Standard Bank v1: audited against the MOE Primary Science Syllabus and uploaded TLGs for curriculum scope, age-appropriate language and diagnostic quality. Standard Bank v1: MOE age/scope audit 2026-09-05.",,0,,2026-09-01,2026-09-05,Sci Diagnostic MOE Scope & Language Audit
P5_SYS_ELEC_P02_Q04,2,P5,P5-SYS-ELEC,P5-SYS-ELEC-P02,"Three identical bulbs are connected in series. The middle bulb is removed, leaving a gap. What happens to the other two bulbs?",They go out because the gap breaks the only path for current.,They become brighter because fewer bulbs are present.,Only the first bulb stays lit.,They stay lit because the other wires are unbroken.,A,A series circuit has one path. The gap stops current from flowing through the circuit.,Application,TLG Key Idea: The number and arrangement of bulbs can affect the current flow in a closed circuit.,,Any,Approved,"TLG-strengthened candidate aligned to the assessment-focused official LO_ID and uploaded MOE Primary Science TLG. Standard Bank v1: audited against the MOE Primary Science Syllabus and uploaded TLGs for curriculum scope, age-appropriate language and diagnostic quality. Standard Bank v1: MOE age/scope audit 2026-09-05.",,0,,2026-09-01,2026-09-05,Sci Diagnostic MOE Scope & Language Audit
P5_SYS_ELEC_P02_Q05,1,P5,P5-SYS-ELEC,P5-SYS-ELEC-P02,Two identical bulbs are connected in parallel to the same battery. A third identical bulb is added in another parallel branch. What happens to the brightness of the original bulbs?,They become dimmer because the current is used up by the new bulb.,Their brightness remains the same.,They both go out because there are now too many branches.,One becomes brighter and the other becomes dimmer.,B,"Each parallel bulb has its own branch; in the model used at this level, adding another identical parallel branch does not make the original identical bulbs dimmer.",Misconception probe,TLG Key Idea: The number and arrangement of bulbs can affect the current flow in a closed circuit.,Brightness of each bulb decreases when an additional bulb is connected in parallel circuits.,Any,Approved,"TLG-strengthened candidate aligned to the assessment-focused official LO_ID and uploaded MOE Primary Science TLG. Standard Bank v1: audited against the MOE Primary Science Syllabus and uploaded TLGs for curriculum scope, age-appropriate language and diagnostic quality. Standard Bank v1: MOE age/scope audit 2026-09-05.",,0,,2026-09-01,2026-09-05,Sci Diagnostic MOE Scope & Language Audit
P6_ENE_PHOTO_C01_Q05,1,P6,P6-ENE-PHOTO,P6-ENE-PHOTO-C01,A pupil says respiration is simply another word for breathing. Which statement is best?,Respiration happens only in the lungs of humans.,Plants breathe but never respire.,"Breathing exchanges gases, while respiration releases energy from food in living things.",Breathing releases all the energy stored in food without respiration.,C,"At this level, the key idea of respiration is the release of energy from food; breathing is gas exchange and is not the same process.",Misconception probe,TLG Key Idea: Plants and animals obtain energy from food through respiration.,Respiration is the same as breathing.,Any,Approved,"TLG-strengthened candidate aligned to the assessment-focused official LO_ID and uploaded MOE Primary Science TLG. Standard Bank v1: audited against the MOE Primary Science Syllabus and uploaded TLGs for curriculum scope, age-appropriate language and diagnostic quality. Standard Bank v1: MOE age/scope audit 2026-09-05.",,0,,2026-09-01,2026-09-05,Sci Diagnostic MOE Scope & Language Audit
P6_ENE_CONV_P01_Q04,2,P6,P6-ENE-CONV,P6-ENE-CONV-P01,A hand pushes a toy car and the car starts moving. Which statement best shows the difference between force and energy?,The push is kinetic energy and the moving car is a force.,Force and energy are two names for exactly the same thing.,A force can be converted directly into a different type of force called energy.,"The push is a force, while the moving car has kinetic energy.",D,A force is a push or pull. Kinetic energy is the energy of a moving object.,Misconception probe,TLG Key Idea: Energy can be converted from one form to another.,Forces and energy are the same. Energy can be converted into forces.,Any,Approved,"TLG-strengthened candidate aligned to the assessment-focused official LO_ID and uploaded MOE Primary Science TLG. Standard Bank v1: audited against the MOE Primary Science Syllabus and uploaded TLGs for curriculum scope, age-appropriate language and diagnostic quality. Standard Bank v1: MOE age/scope audit 2026-09-05.",,0,,2026-09-01,2026-09-05,Sci Diagnostic MOE Scope & Language Audit
P6_INT_FORCE_C01_Q05,1,P6,P6-INT-FORCE,P6-INT-FORCE-C01,"Two like poles of magnets are held close together without touching, and one magnet moves away. What does this show about forces?",A force can act between objects even when they are not touching.,A force can act only when objects are touching.,The magnet moved without any interaction.,Only elastic spring force can move an object.,A,Magnetic force can push or pull across a gap; physical contact is not required for every force.,Misconception probe,TLG Key Idea: A force is a push or a pull.,Force only involves objects that are in contact with one another.,Any,Approved,"TLG-strengthened candidate aligned to the assessment-focused official LO_ID and uploaded MOE Primary Science TLG. Standard Bank v1: audited against the MOE Primary Science Syllabus and uploaded TLGs for curriculum scope, age-appropriate language and diagnostic quality. Standard Bank v1: MOE age/scope audit 2026-09-05.",,0,,2026-09-01,2026-09-05,Sci Diagnostic MOE Scope & Language Audit
P6_INT_FORCE_P01_Q04,1,P6,P6-INT-FORCE,P6-INT-FORCE-P01,A pupil investigates how surface roughness affects the distance a block moves. Which plan makes the test fair?,Use a different block and a different push on every surface.,"Use the same block and the same launch method each time, changing only the surface.",Change both the surface and the mass of the block together.,Push the block by hand with any amount of force each time.,B,"To isolate the effect of the surface, other important variables such as the block and launch method should be kept the same.",Application,,,Any,Approved,"TLG-strengthened candidate aligned to the assessment-focused official LO_ID and uploaded MOE Primary Science TLG. Standard Bank v1: audited against the MOE Primary Science Syllabus and uploaded TLGs for curriculum scope, age-appropriate language and diagnostic quality. Standard Bank v1: MOE age/scope audit 2026-09-05.",,0,,2026-09-01,2026-09-05,Sci Diagnostic MOE Scope & Language Audit
P6_INT_FORCE_P02_Q04,2,P6,P6-INT-FORCE,P6-INT-FORCE-P02,A pupil investigates how adding mass affects the extension of a spring. Which measurement should be compared?,The colour of a different spring for each mass.,The temperature of the room only.,The extension of the same spring for each added mass.,The total length of unrelated rubber bands.,C,Using the same spring and comparing its extension for different added masses shows how the spring changes.,Application,,,Any,Approved,"TLG-strengthened candidate aligned to the assessment-focused official LO_ID and uploaded MOE Primary Science TLG. Standard Bank v1: audited against the MOE Primary Science Syllabus and uploaded TLGs for curriculum scope, age-appropriate language and diagnostic quality. Standard Bank v1: MOE age/scope audit 2026-09-05.",,0,,2026-09-01,2026-09-05,Sci Diagnostic MOE Scope & Language Audit
